-- phpMyAdmin SQL Dump
-- version 5.2.1
-- https://www.phpmyadmin.net/
--
-- Gép: 127.0.0.1
-- Létrehozás ideje: 2025. Ápr 28. 21:02
-- Kiszolgáló verziója: 10.4.32-MariaDB
-- PHP verzió: 8.2.12

SET SQL_MODE = "NO_AUTO_VALUE_ON_ZERO";
START TRANSACTION;
SET time_zone = "+00:00";


/*!40101 SET @OLD_CHARACTER_SET_CLIENT=@@CHARACTER_SET_CLIENT */;
/*!40101 SET @OLD_CHARACTER_SET_RESULTS=@@CHARACTER_SET_RESULTS */;
/*!40101 SET @OLD_COLLATION_CONNECTION=@@COLLATION_CONNECTION */;
/*!40101 SET NAMES utf8mb4 */;

--
-- Adatbázis: `privateclinic`
--

-- --------------------------------------------------------

--
-- Tábla szerkezet ehhez a táblához `cache`
--

CREATE TABLE `cache` (
  `key` varchar(255) NOT NULL,
  `value` mediumtext NOT NULL,
  `expiration` int(11) NOT NULL
) ENGINE=InnoDB DEFAULT CHARSET=utf8mb4 COLLATE=utf8mb4_unicode_ci;

-- --------------------------------------------------------

--
-- Tábla szerkezet ehhez a táblához `cache_locks`
--

CREATE TABLE `cache_locks` (
  `key` varchar(255) NOT NULL,
  `owner` varchar(255) NOT NULL,
  `expiration` int(11) NOT NULL
) ENGINE=InnoDB DEFAULT CHARSET=utf8mb4 COLLATE=utf8mb4_unicode_ci;

-- --------------------------------------------------------

--
-- Tábla szerkezet ehhez a táblához `doctors`
--

CREATE TABLE `doctors` (
  `user_id` bigint(20) UNSIGNED NOT NULL,
  `specialization_id` bigint(20) UNSIGNED NOT NULL,
  `created_at` timestamp NULL DEFAULT NULL,
  `updated_at` timestamp NULL DEFAULT NULL
) ENGINE=InnoDB DEFAULT CHARSET=utf8mb4 COLLATE=utf8mb4_unicode_ci;

--
-- A tábla adatainak kiíratása `doctors`
--

INSERT INTO `doctors` (`user_id`, `specialization_id`, `created_at`, `updated_at`) VALUES
(3, 1, '2025-04-28 16:00:09', '2025-04-28 16:00:09'),
(4, 9, '2025-04-28 16:00:09', '2025-04-28 16:00:09'),
(14, 3, '2025-04-28 16:00:09', '2025-04-28 16:00:09'),
(25, 7, '2025-04-28 16:00:09', '2025-04-28 16:00:09'),
(26, 11, '2025-04-28 16:00:09', '2025-04-28 16:00:09'),
(28, 15, '2025-04-28 16:00:09', '2025-04-28 16:00:09'),
(29, 12, '2025-04-28 16:00:09', '2025-04-28 16:00:09'),
(30, 15, '2025-04-28 16:00:09', '2025-04-28 16:00:09'),
(32, 8, '2025-04-28 16:00:09', '2025-04-28 16:00:09'),
(34, 8, '2025-04-28 16:00:09', '2025-04-28 16:00:09'),
(36, 5, '2025-04-28 16:00:09', '2025-04-28 16:00:09'),
(37, 12, '2025-04-28 16:00:09', '2025-04-28 16:00:09'),
(39, 6, '2025-04-28 16:00:09', '2025-04-28 16:00:09'),
(41, 1, '2025-04-28 16:00:09', '2025-04-28 16:00:09'),
(42, 2, '2025-04-28 16:00:09', '2025-04-28 16:00:09'),
(43, 2, '2025-04-28 16:00:09', '2025-04-28 16:00:09'),
(44, 3, '2025-04-28 16:00:09', '2025-04-28 16:00:09'),
(45, 4, '2025-04-28 16:00:09', '2025-04-28 16:00:09'),
(46, 4, '2025-04-28 16:00:10', '2025-04-28 16:00:10'),
(47, 5, '2025-04-28 16:00:10', '2025-04-28 16:00:10'),
(48, 6, '2025-04-28 16:00:10', '2025-04-28 16:00:10'),
(49, 7, '2025-04-28 16:00:10', '2025-04-28 16:00:10'),
(50, 9, '2025-04-28 16:00:10', '2025-04-28 16:00:10'),
(51, 10, '2025-04-28 16:00:10', '2025-04-28 16:00:10'),
(52, 10, '2025-04-28 16:00:10', '2025-04-28 16:00:10'),
(53, 11, '2025-04-28 16:00:11', '2025-04-28 16:00:11'),
(54, 13, '2025-04-28 16:00:11', '2025-04-28 16:00:11'),
(55, 13, '2025-04-28 16:00:11', '2025-04-28 16:00:11'),
(56, 14, '2025-04-28 16:00:11', '2025-04-28 16:00:11'),
(57, 14, '2025-04-28 16:00:11', '2025-04-28 16:00:11'),
(60, 1, '2025-04-28 16:00:12', '2025-04-28 16:00:12');

-- --------------------------------------------------------

--
-- A nézet helyettes szerkezete `doctors_ratings_view`
-- (Lásd alább az aktuális nézetet)
--
CREATE TABLE `doctors_ratings_view` (
`doctor_name` varchar(255)
,`patient_name` varchar(255)
,`treatment_name` varchar(255)
,`start_time` datetime
,`rating` int(11)
);

-- --------------------------------------------------------

--
-- Tábla szerkezet ehhez a táblához `doctor_appointments`
--

CREATE TABLE `doctor_appointments` (
  `id` bigint(20) UNSIGNED NOT NULL,
  `doctor_id` bigint(20) UNSIGNED NOT NULL,
  `start_time` datetime NOT NULL,
  `patient_id` bigint(20) UNSIGNED DEFAULT NULL,
  `treatment_id` bigint(20) UNSIGNED NOT NULL,
  `description` varchar(255) DEFAULT NULL,
  `status` enum('v','b','d','c','p') NOT NULL,
  `rating` int(11) DEFAULT NULL,
  `created_at` timestamp NULL DEFAULT NULL,
  `updated_at` timestamp NULL DEFAULT NULL
) ENGINE=InnoDB DEFAULT CHARSET=utf8mb4 COLLATE=utf8mb4_unicode_ci;

--
-- A tábla adatainak kiíratása `doctor_appointments`
--

INSERT INTO `doctor_appointments` (`id`, `doctor_id`, `start_time`, `patient_id`, `treatment_id`, `description`, `status`, `rating`, `created_at`, `updated_at`) VALUES
(1, 3, '2025-04-28 13:00:00', NULL, 4, NULL, 'v', NULL, '2025-04-28 16:00:12', '2025-04-28 16:00:12'),
(2, 3, '2025-04-28 13:40:00', NULL, 4, NULL, 'v', NULL, '2025-04-28 16:00:12', '2025-04-28 16:00:12'),
(3, 3, '2025-04-28 14:20:00', NULL, 4, NULL, 'v', NULL, '2025-04-28 16:00:12', '2025-04-28 16:00:12'),
(4, 3, '2025-04-28 15:00:00', NULL, 4, NULL, 'v', NULL, '2025-04-28 16:00:12', '2025-04-28 16:00:12'),
(5, 3, '2025-04-28 15:40:00', NULL, 4, NULL, 'v', NULL, '2025-04-28 16:00:12', '2025-04-28 16:00:12'),
(6, 3, '2025-04-28 16:20:00', NULL, 4, NULL, 'v', NULL, '2025-04-28 16:00:12', '2025-04-28 16:00:12'),
(7, 3, '2025-04-28 17:00:00', NULL, 4, NULL, 'v', NULL, '2025-04-28 16:00:12', '2025-04-28 16:00:12'),
(8, 3, '2025-04-29 07:00:00', NULL, 5, NULL, 'v', NULL, '2025-04-28 16:00:12', '2025-04-28 16:00:12'),
(9, 3, '2025-04-29 07:35:00', NULL, 5, NULL, 'v', NULL, '2025-04-28 16:00:12', '2025-04-28 16:00:12'),
(10, 3, '2025-04-29 08:10:00', NULL, 5, NULL, 'v', NULL, '2025-04-28 16:00:12', '2025-04-28 16:00:12'),
(11, 3, '2025-04-29 08:45:00', NULL, 5, NULL, 'v', NULL, '2025-04-28 16:00:12', '2025-04-28 16:00:12'),
(12, 3, '2025-04-29 09:20:00', NULL, 5, NULL, 'v', NULL, '2025-04-28 16:00:12', '2025-04-28 16:00:12'),
(13, 3, '2025-04-29 09:55:00', NULL, 5, NULL, 'v', NULL, '2025-04-28 16:00:12', '2025-04-28 16:00:12'),
(14, 3, '2025-04-29 10:30:00', NULL, 5, NULL, 'v', NULL, '2025-04-28 16:00:12', '2025-04-28 16:00:12'),
(15, 3, '2025-04-29 11:05:00', NULL, 5, NULL, 'v', NULL, '2025-04-28 16:00:12', '2025-04-28 16:00:12'),
(16, 3, '2025-04-29 11:40:00', NULL, 5, NULL, 'v', NULL, '2025-04-28 16:00:12', '2025-04-28 16:00:12'),
(17, 3, '2025-04-29 12:15:00', NULL, 5, NULL, 'v', NULL, '2025-04-28 16:00:12', '2025-04-28 16:00:12'),
(18, 3, '2025-04-29 12:50:00', NULL, 5, NULL, 'v', NULL, '2025-04-28 16:00:12', '2025-04-28 16:00:12'),
(19, 3, '2025-04-29 13:25:00', NULL, 5, NULL, 'v', NULL, '2025-04-28 16:00:12', '2025-04-28 16:00:12'),
(20, 3, '2025-05-05 13:00:00', NULL, 1, NULL, 'v', NULL, '2025-04-28 16:00:12', '2025-04-28 16:00:12'),
(21, 3, '2025-05-05 13:40:00', NULL, 1, NULL, 'v', NULL, '2025-04-28 16:00:12', '2025-04-28 16:00:12'),
(22, 3, '2025-05-05 14:20:00', NULL, 1, NULL, 'v', NULL, '2025-04-28 16:00:12', '2025-04-28 16:00:12'),
(23, 3, '2025-05-05 15:00:00', NULL, 1, NULL, 'v', NULL, '2025-04-28 16:00:12', '2025-04-28 16:00:12'),
(24, 3, '2025-05-05 15:40:00', NULL, 1, NULL, 'v', NULL, '2025-04-28 16:00:12', '2025-04-28 16:00:12'),
(25, 3, '2025-05-05 16:20:00', NULL, 1, NULL, 'v', NULL, '2025-04-28 16:00:12', '2025-04-28 16:00:12'),
(26, 3, '2025-05-05 17:00:00', NULL, 1, NULL, 'v', NULL, '2025-04-28 16:00:12', '2025-04-28 16:00:12'),
(27, 3, '2025-05-06 07:00:00', NULL, 1, NULL, 'v', NULL, '2025-04-28 16:00:12', '2025-04-28 16:00:12'),
(28, 3, '2025-05-06 07:40:00', NULL, 1, NULL, 'v', NULL, '2025-04-28 16:00:12', '2025-04-28 16:00:12'),
(29, 3, '2025-05-06 08:20:00', NULL, 1, NULL, 'v', NULL, '2025-04-28 16:00:12', '2025-04-28 16:00:12'),
(30, 3, '2025-05-06 09:00:00', NULL, 1, NULL, 'v', NULL, '2025-04-28 16:00:12', '2025-04-28 16:00:12'),
(31, 3, '2025-05-06 09:40:00', NULL, 1, NULL, 'v', NULL, '2025-04-28 16:00:12', '2025-04-28 16:00:12'),
(32, 3, '2025-05-06 10:20:00', NULL, 1, NULL, 'v', NULL, '2025-04-28 16:00:12', '2025-04-28 16:00:12'),
(33, 3, '2025-05-06 11:00:00', NULL, 1, NULL, 'v', NULL, '2025-04-28 16:00:12', '2025-04-28 16:00:12'),
(34, 3, '2025-05-06 11:40:00', NULL, 1, NULL, 'v', NULL, '2025-04-28 16:00:12', '2025-04-28 16:00:12'),
(35, 3, '2025-05-06 12:20:00', NULL, 1, NULL, 'v', NULL, '2025-04-28 16:00:12', '2025-04-28 16:00:12'),
(36, 3, '2025-05-06 13:00:00', NULL, 1, NULL, 'v', NULL, '2025-04-28 16:00:12', '2025-04-28 16:00:12'),
(37, 3, '2025-05-12 13:00:00', NULL, 2, NULL, 'v', NULL, '2025-04-28 16:00:12', '2025-04-28 16:00:12'),
(38, 3, '2025-05-12 13:55:00', NULL, 2, NULL, 'v', NULL, '2025-04-28 16:00:12', '2025-04-28 16:00:12'),
(39, 3, '2025-05-12 14:50:00', NULL, 2, NULL, 'v', NULL, '2025-04-28 16:00:12', '2025-04-28 16:00:12'),
(40, 3, '2025-05-12 15:45:00', NULL, 2, NULL, 'v', NULL, '2025-04-28 16:00:12', '2025-04-28 16:00:12'),
(41, 3, '2025-05-12 16:40:00', NULL, 2, NULL, 'v', NULL, '2025-04-28 16:00:12', '2025-04-28 16:00:12'),
(42, 3, '2025-05-13 13:00:00', NULL, 5, NULL, 'v', NULL, '2025-04-28 16:00:12', '2025-04-28 16:00:12'),
(43, 3, '2025-05-13 13:35:00', NULL, 5, NULL, 'v', NULL, '2025-04-28 16:00:12', '2025-04-28 16:00:12'),
(44, 3, '2025-05-13 14:10:00', NULL, 5, NULL, 'v', NULL, '2025-04-28 16:00:12', '2025-04-28 16:00:12'),
(45, 3, '2025-05-13 14:45:00', NULL, 5, NULL, 'v', NULL, '2025-04-28 16:00:12', '2025-04-28 16:00:12'),
(46, 3, '2025-05-13 15:20:00', NULL, 5, NULL, 'v', NULL, '2025-04-28 16:00:12', '2025-04-28 16:00:12'),
(47, 3, '2025-05-13 15:55:00', NULL, 5, NULL, 'v', NULL, '2025-04-28 16:00:12', '2025-04-28 16:00:12'),
(48, 3, '2025-05-13 16:30:00', NULL, 5, NULL, 'v', NULL, '2025-04-28 16:00:12', '2025-04-28 16:00:12'),
(49, 3, '2025-05-13 17:05:00', NULL, 5, NULL, 'v', NULL, '2025-04-28 16:00:12', '2025-04-28 16:00:12'),
(50, 3, '2025-05-19 07:00:00', NULL, 5, NULL, 'v', NULL, '2025-04-28 16:00:12', '2025-04-28 16:00:12'),
(51, 3, '2025-05-19 07:35:00', NULL, 5, NULL, 'v', NULL, '2025-04-28 16:00:12', '2025-04-28 16:00:12'),
(52, 3, '2025-05-19 08:10:00', NULL, 5, NULL, 'v', NULL, '2025-04-28 16:00:12', '2025-04-28 16:00:12'),
(53, 3, '2025-05-19 08:45:00', NULL, 5, NULL, 'v', NULL, '2025-04-28 16:00:12', '2025-04-28 16:00:12'),
(54, 3, '2025-05-19 09:20:00', NULL, 5, NULL, 'v', NULL, '2025-04-28 16:00:12', '2025-04-28 16:00:12'),
(55, 3, '2025-05-19 09:55:00', NULL, 5, NULL, 'v', NULL, '2025-04-28 16:00:12', '2025-04-28 16:00:12'),
(56, 3, '2025-05-19 10:30:00', NULL, 5, NULL, 'v', NULL, '2025-04-28 16:00:12', '2025-04-28 16:00:12'),
(57, 3, '2025-05-19 11:05:00', NULL, 5, NULL, 'v', NULL, '2025-04-28 16:00:12', '2025-04-28 16:00:12'),
(58, 3, '2025-05-19 11:40:00', NULL, 5, NULL, 'v', NULL, '2025-04-28 16:00:12', '2025-04-28 16:00:12'),
(59, 3, '2025-05-19 12:15:00', NULL, 5, NULL, 'v', NULL, '2025-04-28 16:00:12', '2025-04-28 16:00:12'),
(60, 3, '2025-05-19 12:50:00', NULL, 5, NULL, 'v', NULL, '2025-04-28 16:00:12', '2025-04-28 16:00:12'),
(61, 3, '2025-05-19 13:25:00', NULL, 5, NULL, 'v', NULL, '2025-04-28 16:00:12', '2025-04-28 16:00:12'),
(62, 3, '2025-05-20 07:00:00', NULL, 2, NULL, 'v', NULL, '2025-04-28 16:00:12', '2025-04-28 16:00:12'),
(63, 3, '2025-05-20 07:55:00', NULL, 2, NULL, 'v', NULL, '2025-04-28 16:00:12', '2025-04-28 16:00:12'),
(64, 3, '2025-05-20 08:50:00', NULL, 2, NULL, 'v', NULL, '2025-04-28 16:00:12', '2025-04-28 16:00:12'),
(65, 3, '2025-05-20 09:45:00', NULL, 2, NULL, 'v', NULL, '2025-04-28 16:00:12', '2025-04-28 16:00:12'),
(66, 3, '2025-05-20 10:40:00', NULL, 2, NULL, 'v', NULL, '2025-04-28 16:00:12', '2025-04-28 16:00:12'),
(67, 3, '2025-05-20 11:35:00', NULL, 2, NULL, 'v', NULL, '2025-04-28 16:00:12', '2025-04-28 16:00:12'),
(68, 3, '2025-05-20 12:30:00', NULL, 2, NULL, 'v', NULL, '2025-04-28 16:00:12', '2025-04-28 16:00:12'),
(69, 3, '2025-05-26 07:00:00', NULL, 4, NULL, 'v', NULL, '2025-04-28 16:00:12', '2025-04-28 16:00:12'),
(70, 3, '2025-05-26 07:40:00', NULL, 4, NULL, 'v', NULL, '2025-04-28 16:00:12', '2025-04-28 16:00:12'),
(71, 3, '2025-05-26 08:20:00', NULL, 4, NULL, 'v', NULL, '2025-04-28 16:00:12', '2025-04-28 16:00:12'),
(72, 3, '2025-05-26 09:00:00', NULL, 4, NULL, 'v', NULL, '2025-04-28 16:00:12', '2025-04-28 16:00:12'),
(73, 3, '2025-05-26 09:40:00', NULL, 4, NULL, 'v', NULL, '2025-04-28 16:00:12', '2025-04-28 16:00:12'),
(74, 3, '2025-05-26 10:20:00', NULL, 4, NULL, 'v', NULL, '2025-04-28 16:00:12', '2025-04-28 16:00:12'),
(75, 3, '2025-05-26 11:00:00', NULL, 4, NULL, 'v', NULL, '2025-04-28 16:00:12', '2025-04-28 16:00:12'),
(76, 3, '2025-05-26 11:40:00', NULL, 4, NULL, 'v', NULL, '2025-04-28 16:00:12', '2025-04-28 16:00:12'),
(77, 3, '2025-05-26 12:20:00', NULL, 4, NULL, 'v', NULL, '2025-04-28 16:00:12', '2025-04-28 16:00:12'),
(78, 3, '2025-05-26 13:00:00', NULL, 4, NULL, 'v', NULL, '2025-04-28 16:00:12', '2025-04-28 16:00:12'),
(79, 3, '2025-05-27 13:00:00', NULL, 5, NULL, 'v', NULL, '2025-04-28 16:00:12', '2025-04-28 16:00:12'),
(80, 3, '2025-05-27 13:35:00', NULL, 5, NULL, 'v', NULL, '2025-04-28 16:00:12', '2025-04-28 16:00:12'),
(81, 3, '2025-05-27 14:10:00', NULL, 5, NULL, 'v', NULL, '2025-04-28 16:00:12', '2025-04-28 16:00:12'),
(82, 3, '2025-05-27 14:45:00', NULL, 5, NULL, 'v', NULL, '2025-04-28 16:00:12', '2025-04-28 16:00:12'),
(83, 3, '2025-05-27 15:20:00', NULL, 5, NULL, 'v', NULL, '2025-04-28 16:00:12', '2025-04-28 16:00:12'),
(84, 3, '2025-05-27 15:55:00', NULL, 5, NULL, 'v', NULL, '2025-04-28 16:00:12', '2025-04-28 16:00:12'),
(85, 3, '2025-05-27 16:30:00', NULL, 5, NULL, 'v', NULL, '2025-04-28 16:00:12', '2025-04-28 16:00:12'),
(86, 3, '2025-05-27 17:05:00', NULL, 5, NULL, 'v', NULL, '2025-04-28 16:00:12', '2025-04-28 16:00:12'),
(87, 3, '2025-04-22 11:29:00', 21, 2, 'A kezelés a várakozásoknak megfelelően zajlott, panaszmentes távozás.', 'd', 3, '2025-04-28 16:00:12', '2025-04-28 16:00:12'),
(88, 4, '2025-04-28 07:00:00', NULL, 54, NULL, 'v', NULL, '2025-04-28 16:00:12', '2025-04-28 16:00:12'),
(89, 4, '2025-04-29 13:00:00', NULL, 54, NULL, 'v', NULL, '2025-04-28 16:00:12', '2025-04-28 16:00:12'),
(90, 4, '2025-05-05 07:00:00', NULL, 54, NULL, 'v', NULL, '2025-04-28 16:00:12', '2025-04-28 16:00:12'),
(91, 4, '2025-05-06 13:00:00', NULL, 54, NULL, 'v', NULL, '2025-04-28 16:00:12', '2025-04-28 16:00:12'),
(92, 4, '2025-05-12 13:00:00', NULL, 49, NULL, 'v', NULL, '2025-04-28 16:00:12', '2025-04-28 16:00:12'),
(93, 4, '2025-05-12 15:10:00', NULL, 49, NULL, 'v', NULL, '2025-04-28 16:00:12', '2025-04-28 16:00:12'),
(94, 4, '2025-05-13 07:00:00', NULL, 53, NULL, 'v', NULL, '2025-04-28 16:00:12', '2025-04-28 16:00:12'),
(95, 4, '2025-05-13 09:10:00', NULL, 53, NULL, 'v', NULL, '2025-04-28 16:00:12', '2025-04-28 16:00:12'),
(96, 4, '2025-05-13 11:20:00', NULL, 53, NULL, 'v', NULL, '2025-04-28 16:00:12', '2025-04-28 16:00:12'),
(97, 4, '2025-05-19 13:00:00', NULL, 50, NULL, 'v', NULL, '2025-04-28 16:00:12', '2025-04-28 16:00:12'),
(98, 4, '2025-05-19 13:40:00', NULL, 50, NULL, 'v', NULL, '2025-04-28 16:00:12', '2025-04-28 16:00:12'),
(99, 4, '2025-05-19 14:20:00', NULL, 50, NULL, 'v', NULL, '2025-04-28 16:00:12', '2025-04-28 16:00:12'),
(100, 4, '2025-05-19 15:00:00', NULL, 50, NULL, 'v', NULL, '2025-04-28 16:00:12', '2025-04-28 16:00:12'),
(101, 4, '2025-05-19 15:40:00', NULL, 50, NULL, 'v', NULL, '2025-04-28 16:00:12', '2025-04-28 16:00:12'),
(102, 4, '2025-05-19 16:20:00', NULL, 50, NULL, 'v', NULL, '2025-04-28 16:00:12', '2025-04-28 16:00:12'),
(103, 4, '2025-05-19 17:00:00', NULL, 50, NULL, 'v', NULL, '2025-04-28 16:00:12', '2025-04-28 16:00:12'),
(104, 4, '2025-05-20 13:00:00', NULL, 54, NULL, 'v', NULL, '2025-04-28 16:00:12', '2025-04-28 16:00:12'),
(105, 4, '2025-05-26 13:00:00', NULL, 52, NULL, 'v', NULL, '2025-04-28 16:00:12', '2025-04-28 16:00:12'),
(106, 4, '2025-05-27 07:00:00', NULL, 53, NULL, 'v', NULL, '2025-04-28 16:00:12', '2025-04-28 16:00:12'),
(107, 4, '2025-05-27 09:10:00', NULL, 53, NULL, 'v', NULL, '2025-04-28 16:00:12', '2025-04-28 16:00:12'),
(108, 4, '2025-05-27 11:20:00', NULL, 53, NULL, 'v', NULL, '2025-04-28 16:00:12', '2025-04-28 16:00:12'),
(109, 4, '2025-04-19 15:30:00', 40, 53, 'A páciens jól reagált a terápiára, további kontroll szükséges egy hónap múlva.', 'd', 5, '2025-04-28 16:00:12', '2025-04-28 16:00:12'),
(110, 14, '2025-04-28 07:00:00', NULL, 15, NULL, 'v', NULL, '2025-04-28 16:00:12', '2025-04-28 16:00:12'),
(111, 14, '2025-04-28 07:40:00', NULL, 15, NULL, 'v', NULL, '2025-04-28 16:00:12', '2025-04-28 16:00:12'),
(112, 14, '2025-04-28 08:20:00', NULL, 15, NULL, 'v', NULL, '2025-04-28 16:00:12', '2025-04-28 16:00:12'),
(113, 14, '2025-04-28 09:00:00', NULL, 15, NULL, 'v', NULL, '2025-04-28 16:00:12', '2025-04-28 16:00:12'),
(114, 14, '2025-04-28 09:40:00', NULL, 15, NULL, 'v', NULL, '2025-04-28 16:00:12', '2025-04-28 16:00:12'),
(115, 14, '2025-04-28 10:20:00', NULL, 15, NULL, 'v', NULL, '2025-04-28 16:00:12', '2025-04-28 16:00:12'),
(116, 14, '2025-04-28 11:00:00', NULL, 15, NULL, 'v', NULL, '2025-04-28 16:00:12', '2025-04-28 16:00:12'),
(117, 14, '2025-04-28 11:40:00', NULL, 15, NULL, 'v', NULL, '2025-04-28 16:00:12', '2025-04-28 16:00:12'),
(118, 14, '2025-04-28 12:20:00', NULL, 15, NULL, 'v', NULL, '2025-04-28 16:00:12', '2025-04-28 16:00:12'),
(119, 14, '2025-04-28 13:00:00', NULL, 15, NULL, 'v', NULL, '2025-04-28 16:00:12', '2025-04-28 16:00:12'),
(120, 14, '2025-04-29 13:00:00', NULL, 13, NULL, 'v', NULL, '2025-04-28 16:00:12', '2025-04-28 16:00:12'),
(121, 14, '2025-04-29 13:30:00', NULL, 13, NULL, 'v', NULL, '2025-04-28 16:00:12', '2025-04-28 16:00:12'),
(122, 14, '2025-04-29 14:00:00', NULL, 13, NULL, 'v', NULL, '2025-04-28 16:00:12', '2025-04-28 16:00:12'),
(123, 14, '2025-04-29 14:30:00', NULL, 13, NULL, 'v', NULL, '2025-04-28 16:00:12', '2025-04-28 16:00:12'),
(124, 14, '2025-04-29 15:00:00', NULL, 13, NULL, 'v', NULL, '2025-04-28 16:00:12', '2025-04-28 16:00:12'),
(125, 14, '2025-04-29 15:30:00', NULL, 13, NULL, 'v', NULL, '2025-04-28 16:00:12', '2025-04-28 16:00:12'),
(126, 14, '2025-04-29 16:00:00', NULL, 13, NULL, 'v', NULL, '2025-04-28 16:00:12', '2025-04-28 16:00:12'),
(127, 14, '2025-04-29 16:30:00', NULL, 13, NULL, 'v', NULL, '2025-04-28 16:00:12', '2025-04-28 16:00:12'),
(128, 14, '2025-04-29 17:00:00', NULL, 13, NULL, 'v', NULL, '2025-04-28 16:00:12', '2025-04-28 16:00:12'),
(129, 14, '2025-04-29 17:30:00', NULL, 13, NULL, 'v', NULL, '2025-04-28 16:00:12', '2025-04-28 16:00:12'),
(130, 14, '2025-05-05 07:00:00', NULL, 16, NULL, 'v', NULL, '2025-04-28 16:00:12', '2025-04-28 16:00:12'),
(131, 14, '2025-05-05 07:50:00', NULL, 16, NULL, 'v', NULL, '2025-04-28 16:00:12', '2025-04-28 16:00:12'),
(132, 14, '2025-05-05 08:40:00', NULL, 16, NULL, 'v', NULL, '2025-04-28 16:00:12', '2025-04-28 16:00:12'),
(133, 14, '2025-05-05 09:30:00', NULL, 16, NULL, 'v', NULL, '2025-04-28 16:00:12', '2025-04-28 16:00:12'),
(134, 14, '2025-05-05 10:20:00', NULL, 16, NULL, 'v', NULL, '2025-04-28 16:00:12', '2025-04-28 16:00:12'),
(135, 14, '2025-05-05 11:10:00', NULL, 16, NULL, 'v', NULL, '2025-04-28 16:00:12', '2025-04-28 16:00:12'),
(136, 14, '2025-05-05 12:00:00', NULL, 16, NULL, 'v', NULL, '2025-04-28 16:00:12', '2025-04-28 16:00:12'),
(137, 14, '2025-05-05 12:50:00', NULL, 16, NULL, 'v', NULL, '2025-04-28 16:00:12', '2025-04-28 16:00:12'),
(138, 14, '2025-05-06 07:00:00', NULL, 18, NULL, 'v', NULL, '2025-04-28 16:00:12', '2025-04-28 16:00:12'),
(139, 14, '2025-05-06 07:40:00', NULL, 18, NULL, 'v', NULL, '2025-04-28 16:00:12', '2025-04-28 16:00:12'),
(140, 14, '2025-05-06 08:20:00', NULL, 18, NULL, 'v', NULL, '2025-04-28 16:00:12', '2025-04-28 16:00:12'),
(141, 14, '2025-05-06 09:00:00', NULL, 18, NULL, 'v', NULL, '2025-04-28 16:00:12', '2025-04-28 16:00:12'),
(142, 14, '2025-05-06 09:40:00', NULL, 18, NULL, 'v', NULL, '2025-04-28 16:00:12', '2025-04-28 16:00:12'),
(143, 14, '2025-05-06 10:20:00', NULL, 18, NULL, 'v', NULL, '2025-04-28 16:00:12', '2025-04-28 16:00:12'),
(144, 14, '2025-05-06 11:00:00', NULL, 18, NULL, 'v', NULL, '2025-04-28 16:00:12', '2025-04-28 16:00:12'),
(145, 14, '2025-05-06 11:40:00', NULL, 18, NULL, 'v', NULL, '2025-04-28 16:00:12', '2025-04-28 16:00:12'),
(146, 14, '2025-05-06 12:20:00', NULL, 18, NULL, 'v', NULL, '2025-04-28 16:00:12', '2025-04-28 16:00:12'),
(147, 14, '2025-05-06 13:00:00', NULL, 18, NULL, 'v', NULL, '2025-04-28 16:00:12', '2025-04-28 16:00:12'),
(148, 14, '2025-05-12 13:00:00', NULL, 15, NULL, 'v', NULL, '2025-04-28 16:00:12', '2025-04-28 16:00:12'),
(149, 14, '2025-05-12 13:40:00', NULL, 15, NULL, 'v', NULL, '2025-04-28 16:00:12', '2025-04-28 16:00:12'),
(150, 14, '2025-05-12 14:20:00', NULL, 15, NULL, 'v', NULL, '2025-04-28 16:00:12', '2025-04-28 16:00:12'),
(151, 14, '2025-05-12 15:00:00', NULL, 15, NULL, 'v', NULL, '2025-04-28 16:00:12', '2025-04-28 16:00:12'),
(152, 14, '2025-05-12 15:40:00', NULL, 15, NULL, 'v', NULL, '2025-04-28 16:00:12', '2025-04-28 16:00:12'),
(153, 14, '2025-05-12 16:20:00', NULL, 15, NULL, 'v', NULL, '2025-04-28 16:00:12', '2025-04-28 16:00:12'),
(154, 14, '2025-05-12 17:00:00', NULL, 15, NULL, 'v', NULL, '2025-04-28 16:00:12', '2025-04-28 16:00:12'),
(155, 14, '2025-05-13 13:00:00', NULL, 17, NULL, 'v', NULL, '2025-04-28 16:00:12', '2025-04-28 16:00:12'),
(156, 14, '2025-05-13 13:55:00', NULL, 17, NULL, 'v', NULL, '2025-04-28 16:00:12', '2025-04-28 16:00:12'),
(157, 14, '2025-05-13 14:50:00', NULL, 17, NULL, 'v', NULL, '2025-04-28 16:00:12', '2025-04-28 16:00:12'),
(158, 14, '2025-05-13 15:45:00', NULL, 17, NULL, 'v', NULL, '2025-04-28 16:00:12', '2025-04-28 16:00:12'),
(159, 14, '2025-05-13 16:40:00', NULL, 17, NULL, 'v', NULL, '2025-04-28 16:00:12', '2025-04-28 16:00:12'),
(160, 14, '2025-05-19 07:00:00', NULL, 14, NULL, 'v', NULL, '2025-04-28 16:00:12', '2025-04-28 16:00:12'),
(161, 14, '2025-05-19 07:50:00', NULL, 14, NULL, 'v', NULL, '2025-04-28 16:00:12', '2025-04-28 16:00:12'),
(162, 14, '2025-05-19 08:40:00', NULL, 14, NULL, 'v', NULL, '2025-04-28 16:00:12', '2025-04-28 16:00:12'),
(163, 14, '2025-05-19 09:30:00', NULL, 14, NULL, 'v', NULL, '2025-04-28 16:00:12', '2025-04-28 16:00:12'),
(164, 14, '2025-05-19 10:20:00', NULL, 14, NULL, 'v', NULL, '2025-04-28 16:00:12', '2025-04-28 16:00:12'),
(165, 14, '2025-05-19 11:10:00', NULL, 14, NULL, 'v', NULL, '2025-04-28 16:00:12', '2025-04-28 16:00:12'),
(166, 14, '2025-05-19 12:00:00', NULL, 14, NULL, 'v', NULL, '2025-04-28 16:00:12', '2025-04-28 16:00:12'),
(167, 14, '2025-05-19 12:50:00', NULL, 14, NULL, 'v', NULL, '2025-04-28 16:00:12', '2025-04-28 16:00:12'),
(168, 14, '2025-05-20 07:00:00', NULL, 15, NULL, 'v', NULL, '2025-04-28 16:00:12', '2025-04-28 16:00:12'),
(169, 14, '2025-05-20 07:40:00', NULL, 15, NULL, 'v', NULL, '2025-04-28 16:00:12', '2025-04-28 16:00:12'),
(170, 14, '2025-05-20 08:20:00', NULL, 15, NULL, 'v', NULL, '2025-04-28 16:00:12', '2025-04-28 16:00:12'),
(171, 14, '2025-05-20 09:00:00', NULL, 15, NULL, 'v', NULL, '2025-04-28 16:00:12', '2025-04-28 16:00:12'),
(172, 14, '2025-05-20 09:40:00', NULL, 15, NULL, 'v', NULL, '2025-04-28 16:00:12', '2025-04-28 16:00:12'),
(173, 14, '2025-05-20 10:20:00', NULL, 15, NULL, 'v', NULL, '2025-04-28 16:00:12', '2025-04-28 16:00:12'),
(174, 14, '2025-05-20 11:00:00', NULL, 15, NULL, 'v', NULL, '2025-04-28 16:00:12', '2025-04-28 16:00:12'),
(175, 14, '2025-05-20 11:40:00', NULL, 15, NULL, 'v', NULL, '2025-04-28 16:00:12', '2025-04-28 16:00:12'),
(176, 14, '2025-05-20 12:20:00', NULL, 15, NULL, 'v', NULL, '2025-04-28 16:00:12', '2025-04-28 16:00:12'),
(177, 14, '2025-05-20 13:00:00', NULL, 15, NULL, 'v', NULL, '2025-04-28 16:00:12', '2025-04-28 16:00:12'),
(178, 14, '2025-05-26 13:00:00', NULL, 17, NULL, 'v', NULL, '2025-04-28 16:00:12', '2025-04-28 16:00:12'),
(179, 14, '2025-05-26 13:55:00', NULL, 17, NULL, 'v', NULL, '2025-04-28 16:00:12', '2025-04-28 16:00:12'),
(180, 14, '2025-05-26 14:50:00', NULL, 17, NULL, 'v', NULL, '2025-04-28 16:00:12', '2025-04-28 16:00:12'),
(181, 14, '2025-05-26 15:45:00', NULL, 17, NULL, 'v', NULL, '2025-04-28 16:00:12', '2025-04-28 16:00:12'),
(182, 14, '2025-05-26 16:40:00', NULL, 17, NULL, 'v', NULL, '2025-04-28 16:00:12', '2025-04-28 16:00:12'),
(183, 14, '2025-05-27 13:00:00', NULL, 17, NULL, 'v', NULL, '2025-04-28 16:00:12', '2025-04-28 16:00:12'),
(184, 14, '2025-05-27 13:55:00', NULL, 17, NULL, 'v', NULL, '2025-04-28 16:00:12', '2025-04-28 16:00:12'),
(185, 14, '2025-05-27 14:50:00', NULL, 17, NULL, 'v', NULL, '2025-04-28 16:00:12', '2025-04-28 16:00:12'),
(186, 14, '2025-05-27 15:45:00', NULL, 17, NULL, 'v', NULL, '2025-04-28 16:00:12', '2025-04-28 16:00:12'),
(187, 14, '2025-05-27 16:40:00', NULL, 17, NULL, 'v', NULL, '2025-04-28 16:00:12', '2025-04-28 16:00:12'),
(188, 14, '2025-04-07 10:49:00', 13, 18, 'Gyógyulási folyamat megindult, otthoni torna javasolt.', 'd', 3, '2025-04-28 16:00:12', '2025-04-28 16:00:12'),
(189, 25, '2025-04-28 07:00:00', NULL, 41, NULL, 'v', NULL, '2025-04-28 16:00:12', '2025-04-28 16:00:12'),
(190, 25, '2025-04-28 08:10:00', NULL, 41, NULL, 'v', NULL, '2025-04-28 16:00:12', '2025-04-28 16:00:12'),
(191, 25, '2025-04-28 09:20:00', NULL, 41, NULL, 'v', NULL, '2025-04-28 16:00:12', '2025-04-28 16:00:12'),
(192, 25, '2025-04-28 10:30:00', NULL, 41, NULL, 'v', NULL, '2025-04-28 16:00:12', '2025-04-28 16:00:12'),
(193, 25, '2025-04-28 11:40:00', NULL, 41, NULL, 'v', NULL, '2025-04-28 16:00:12', '2025-04-28 16:00:12'),
(194, 25, '2025-04-28 12:50:00', NULL, 41, NULL, 'v', NULL, '2025-04-28 16:00:12', '2025-04-28 16:00:12'),
(195, 25, '2025-04-29 07:00:00', NULL, 41, NULL, 'v', NULL, '2025-04-28 16:00:12', '2025-04-28 16:00:12'),
(196, 25, '2025-04-29 08:10:00', NULL, 41, NULL, 'v', NULL, '2025-04-28 16:00:12', '2025-04-28 16:00:12'),
(197, 25, '2025-04-29 09:20:00', NULL, 41, NULL, 'v', NULL, '2025-04-28 16:00:12', '2025-04-28 16:00:12'),
(198, 25, '2025-04-29 10:30:00', NULL, 41, NULL, 'v', NULL, '2025-04-28 16:00:12', '2025-04-28 16:00:12'),
(199, 25, '2025-04-29 11:40:00', NULL, 41, NULL, 'v', NULL, '2025-04-28 16:00:12', '2025-04-28 16:00:12'),
(200, 25, '2025-04-29 12:50:00', NULL, 41, NULL, 'v', NULL, '2025-04-28 16:00:12', '2025-04-28 16:00:12'),
(201, 25, '2025-05-05 13:00:00', NULL, 38, NULL, 'v', NULL, '2025-04-28 16:00:12', '2025-04-28 16:00:12'),
(202, 25, '2025-05-05 13:50:00', NULL, 38, NULL, 'v', NULL, '2025-04-28 16:00:12', '2025-04-28 16:00:12'),
(203, 25, '2025-05-05 14:40:00', NULL, 38, NULL, 'v', NULL, '2025-04-28 16:00:12', '2025-04-28 16:00:12'),
(204, 25, '2025-05-05 15:30:00', NULL, 38, NULL, 'v', NULL, '2025-04-28 16:00:12', '2025-04-28 16:00:12'),
(205, 25, '2025-05-05 16:20:00', NULL, 38, NULL, 'v', NULL, '2025-04-28 16:00:12', '2025-04-28 16:00:12'),
(206, 25, '2025-05-05 17:10:00', NULL, 38, NULL, 'v', NULL, '2025-04-28 16:00:12', '2025-04-28 16:00:12'),
(207, 25, '2025-05-06 07:00:00', NULL, 37, NULL, 'v', NULL, '2025-04-28 16:00:12', '2025-04-28 16:00:12'),
(208, 25, '2025-05-06 08:10:00', NULL, 37, NULL, 'v', NULL, '2025-04-28 16:00:12', '2025-04-28 16:00:12'),
(209, 25, '2025-05-06 09:20:00', NULL, 37, NULL, 'v', NULL, '2025-04-28 16:00:12', '2025-04-28 16:00:12'),
(210, 25, '2025-05-06 10:30:00', NULL, 37, NULL, 'v', NULL, '2025-04-28 16:00:12', '2025-04-28 16:00:12'),
(211, 25, '2025-05-06 11:40:00', NULL, 37, NULL, 'v', NULL, '2025-04-28 16:00:12', '2025-04-28 16:00:12'),
(212, 25, '2025-05-06 12:50:00', NULL, 37, NULL, 'v', NULL, '2025-04-28 16:00:12', '2025-04-28 16:00:12'),
(213, 25, '2025-05-12 13:00:00', NULL, 42, NULL, 'v', NULL, '2025-04-28 16:00:12', '2025-04-28 16:00:12'),
(214, 25, '2025-05-12 13:40:00', NULL, 42, NULL, 'v', NULL, '2025-04-28 16:00:12', '2025-04-28 16:00:12'),
(215, 25, '2025-05-12 14:20:00', NULL, 42, NULL, 'v', NULL, '2025-04-28 16:00:12', '2025-04-28 16:00:12'),
(216, 25, '2025-05-12 15:00:00', NULL, 42, NULL, 'v', NULL, '2025-04-28 16:00:12', '2025-04-28 16:00:12'),
(217, 25, '2025-05-12 15:40:00', NULL, 42, NULL, 'v', NULL, '2025-04-28 16:00:12', '2025-04-28 16:00:12'),
(218, 25, '2025-05-12 16:20:00', NULL, 42, NULL, 'v', NULL, '2025-04-28 16:00:12', '2025-04-28 16:00:12'),
(219, 25, '2025-05-12 17:00:00', NULL, 42, NULL, 'v', NULL, '2025-04-28 16:00:12', '2025-04-28 16:00:12'),
(220, 25, '2025-05-13 07:00:00', NULL, 40, NULL, 'v', NULL, '2025-04-28 16:00:12', '2025-04-28 16:00:12'),
(221, 25, '2025-05-13 07:55:00', NULL, 40, NULL, 'v', NULL, '2025-04-28 16:00:12', '2025-04-28 16:00:12'),
(222, 25, '2025-05-13 08:50:00', NULL, 40, NULL, 'v', NULL, '2025-04-28 16:00:12', '2025-04-28 16:00:12'),
(223, 25, '2025-05-13 09:45:00', NULL, 40, NULL, 'v', NULL, '2025-04-28 16:00:12', '2025-04-28 16:00:12'),
(224, 25, '2025-05-13 10:40:00', NULL, 40, NULL, 'v', NULL, '2025-04-28 16:00:12', '2025-04-28 16:00:12'),
(225, 25, '2025-05-13 11:35:00', NULL, 40, NULL, 'v', NULL, '2025-04-28 16:00:12', '2025-04-28 16:00:12'),
(226, 25, '2025-05-13 12:30:00', NULL, 40, NULL, 'v', NULL, '2025-04-28 16:00:12', '2025-04-28 16:00:12'),
(227, 25, '2025-05-19 13:00:00', NULL, 38, NULL, 'v', NULL, '2025-04-28 16:00:12', '2025-04-28 16:00:12'),
(228, 25, '2025-05-19 13:50:00', NULL, 38, NULL, 'v', NULL, '2025-04-28 16:00:12', '2025-04-28 16:00:12'),
(229, 25, '2025-05-19 14:40:00', NULL, 38, NULL, 'v', NULL, '2025-04-28 16:00:12', '2025-04-28 16:00:12'),
(230, 25, '2025-05-19 15:30:00', NULL, 38, NULL, 'v', NULL, '2025-04-28 16:00:12', '2025-04-28 16:00:12'),
(231, 25, '2025-05-19 16:20:00', NULL, 38, NULL, 'v', NULL, '2025-04-28 16:00:12', '2025-04-28 16:00:12'),
(232, 25, '2025-05-19 17:10:00', NULL, 38, NULL, 'v', NULL, '2025-04-28 16:00:12', '2025-04-28 16:00:12'),
(233, 25, '2025-05-20 13:00:00', NULL, 41, NULL, 'v', NULL, '2025-04-28 16:00:12', '2025-04-28 16:00:12'),
(234, 25, '2025-05-20 14:10:00', NULL, 41, NULL, 'v', NULL, '2025-04-28 16:00:12', '2025-04-28 16:00:12'),
(235, 25, '2025-05-20 15:20:00', NULL, 41, NULL, 'v', NULL, '2025-04-28 16:00:12', '2025-04-28 16:00:12'),
(236, 25, '2025-05-20 16:30:00', NULL, 41, NULL, 'v', NULL, '2025-04-28 16:00:12', '2025-04-28 16:00:12'),
(237, 25, '2025-05-26 07:00:00', NULL, 37, NULL, 'v', NULL, '2025-04-28 16:00:12', '2025-04-28 16:00:12'),
(238, 25, '2025-05-26 08:10:00', NULL, 37, NULL, 'v', NULL, '2025-04-28 16:00:12', '2025-04-28 16:00:12'),
(239, 25, '2025-05-26 09:20:00', NULL, 37, NULL, 'v', NULL, '2025-04-28 16:00:12', '2025-04-28 16:00:12'),
(240, 25, '2025-05-26 10:30:00', NULL, 37, NULL, 'v', NULL, '2025-04-28 16:00:12', '2025-04-28 16:00:12'),
(241, 25, '2025-05-26 11:40:00', NULL, 37, NULL, 'v', NULL, '2025-04-28 16:00:12', '2025-04-28 16:00:12'),
(242, 25, '2025-05-26 12:50:00', NULL, 37, NULL, 'v', NULL, '2025-04-28 16:00:12', '2025-04-28 16:00:12'),
(243, 25, '2025-05-27 13:00:00', NULL, 39, NULL, 'v', NULL, '2025-04-28 16:00:12', '2025-04-28 16:00:12'),
(244, 25, '2025-05-27 13:40:00', NULL, 39, NULL, 'v', NULL, '2025-04-28 16:00:12', '2025-04-28 16:00:12'),
(245, 25, '2025-05-27 14:20:00', NULL, 39, NULL, 'v', NULL, '2025-04-28 16:00:12', '2025-04-28 16:00:12'),
(246, 25, '2025-05-27 15:00:00', NULL, 39, NULL, 'v', NULL, '2025-04-28 16:00:12', '2025-04-28 16:00:12'),
(247, 25, '2025-05-27 15:40:00', NULL, 39, NULL, 'v', NULL, '2025-04-28 16:00:12', '2025-04-28 16:00:12'),
(248, 25, '2025-05-27 16:20:00', NULL, 39, NULL, 'v', NULL, '2025-04-28 16:00:12', '2025-04-28 16:00:12'),
(249, 25, '2025-05-27 17:00:00', NULL, 39, NULL, 'v', NULL, '2025-04-28 16:00:12', '2025-04-28 16:00:12'),
(250, 25, '2025-03-31 13:21:00', 12, 37, 'Az előírt gyógyszeres kezelés folytatása mellett döntöttünk.', 'd', 2, '2025-04-28 16:00:12', '2025-04-28 16:00:12'),
(251, 26, '2025-04-28 13:00:00', NULL, 64, NULL, 'v', NULL, '2025-04-28 16:00:12', '2025-04-28 16:00:12'),
(252, 26, '2025-04-28 15:10:00', NULL, 64, NULL, 'v', NULL, '2025-04-28 16:00:12', '2025-04-28 16:00:12'),
(253, 26, '2025-04-29 07:00:00', NULL, 62, NULL, 'v', NULL, '2025-04-28 16:00:12', '2025-04-28 16:00:12'),
(254, 26, '2025-04-29 08:10:00', NULL, 62, NULL, 'v', NULL, '2025-04-28 16:00:12', '2025-04-28 16:00:12'),
(255, 26, '2025-04-29 09:20:00', NULL, 62, NULL, 'v', NULL, '2025-04-28 16:00:12', '2025-04-28 16:00:12'),
(256, 26, '2025-04-29 10:30:00', NULL, 62, NULL, 'v', NULL, '2025-04-28 16:00:12', '2025-04-28 16:00:12'),
(257, 26, '2025-04-29 11:40:00', NULL, 62, NULL, 'v', NULL, '2025-04-28 16:00:12', '2025-04-28 16:00:12'),
(258, 26, '2025-04-29 12:50:00', NULL, 62, NULL, 'v', NULL, '2025-04-28 16:00:12', '2025-04-28 16:00:12'),
(259, 26, '2025-05-05 07:00:00', NULL, 62, NULL, 'v', NULL, '2025-04-28 16:00:12', '2025-04-28 16:00:12'),
(260, 26, '2025-05-05 08:10:00', NULL, 62, NULL, 'v', NULL, '2025-04-28 16:00:12', '2025-04-28 16:00:12'),
(261, 26, '2025-05-05 09:20:00', NULL, 62, NULL, 'v', NULL, '2025-04-28 16:00:12', '2025-04-28 16:00:12'),
(262, 26, '2025-05-05 10:30:00', NULL, 62, NULL, 'v', NULL, '2025-04-28 16:00:12', '2025-04-28 16:00:12'),
(263, 26, '2025-05-05 11:40:00', NULL, 62, NULL, 'v', NULL, '2025-04-28 16:00:12', '2025-04-28 16:00:12'),
(264, 26, '2025-05-05 12:50:00', NULL, 62, NULL, 'v', NULL, '2025-04-28 16:00:12', '2025-04-28 16:00:12'),
(265, 26, '2025-05-06 13:00:00', NULL, 61, NULL, 'v', NULL, '2025-04-28 16:00:12', '2025-04-28 16:00:12'),
(266, 26, '2025-05-06 13:40:00', NULL, 61, NULL, 'v', NULL, '2025-04-28 16:00:12', '2025-04-28 16:00:12'),
(267, 26, '2025-05-06 14:20:00', NULL, 61, NULL, 'v', NULL, '2025-04-28 16:00:12', '2025-04-28 16:00:12'),
(268, 26, '2025-05-06 15:00:00', NULL, 61, NULL, 'v', NULL, '2025-04-28 16:00:12', '2025-04-28 16:00:12'),
(269, 26, '2025-05-06 15:40:00', NULL, 61, NULL, 'v', NULL, '2025-04-28 16:00:12', '2025-04-28 16:00:12'),
(270, 26, '2025-05-06 16:20:00', NULL, 61, NULL, 'v', NULL, '2025-04-28 16:00:12', '2025-04-28 16:00:12'),
(271, 26, '2025-05-06 17:00:00', NULL, 61, NULL, 'v', NULL, '2025-04-28 16:00:12', '2025-04-28 16:00:12'),
(272, 26, '2025-05-12 13:00:00', NULL, 65, NULL, 'v', NULL, '2025-04-28 16:00:12', '2025-04-28 16:00:12'),
(273, 26, '2025-05-12 13:25:00', NULL, 65, NULL, 'v', NULL, '2025-04-28 16:00:12', '2025-04-28 16:00:12'),
(274, 26, '2025-05-12 13:50:00', NULL, 65, NULL, 'v', NULL, '2025-04-28 16:00:12', '2025-04-28 16:00:12'),
(275, 26, '2025-05-12 14:15:00', NULL, 65, NULL, 'v', NULL, '2025-04-28 16:00:12', '2025-04-28 16:00:12'),
(276, 26, '2025-05-12 14:40:00', NULL, 65, NULL, 'v', NULL, '2025-04-28 16:00:12', '2025-04-28 16:00:12'),
(277, 26, '2025-05-12 15:05:00', NULL, 65, NULL, 'v', NULL, '2025-04-28 16:00:12', '2025-04-28 16:00:12'),
(278, 26, '2025-05-12 15:30:00', NULL, 65, NULL, 'v', NULL, '2025-04-28 16:00:12', '2025-04-28 16:00:12'),
(279, 26, '2025-05-12 15:55:00', NULL, 65, NULL, 'v', NULL, '2025-04-28 16:00:12', '2025-04-28 16:00:12'),
(280, 26, '2025-05-12 16:20:00', NULL, 65, NULL, 'v', NULL, '2025-04-28 16:00:12', '2025-04-28 16:00:12'),
(281, 26, '2025-05-12 16:45:00', NULL, 65, NULL, 'v', NULL, '2025-04-28 16:00:12', '2025-04-28 16:00:12'),
(282, 26, '2025-05-12 17:10:00', NULL, 65, NULL, 'v', NULL, '2025-04-28 16:00:12', '2025-04-28 16:00:12'),
(283, 26, '2025-05-12 17:35:00', NULL, 65, NULL, 'v', NULL, '2025-04-28 16:00:12', '2025-04-28 16:00:12'),
(284, 26, '2025-05-13 07:00:00', NULL, 61, NULL, 'v', NULL, '2025-04-28 16:00:12', '2025-04-28 16:00:12'),
(285, 26, '2025-05-13 07:40:00', NULL, 61, NULL, 'v', NULL, '2025-04-28 16:00:12', '2025-04-28 16:00:12'),
(286, 26, '2025-05-13 08:20:00', NULL, 61, NULL, 'v', NULL, '2025-04-28 16:00:12', '2025-04-28 16:00:12'),
(287, 26, '2025-05-13 09:00:00', NULL, 61, NULL, 'v', NULL, '2025-04-28 16:00:12', '2025-04-28 16:00:12'),
(288, 26, '2025-05-13 09:40:00', NULL, 61, NULL, 'v', NULL, '2025-04-28 16:00:12', '2025-04-28 16:00:12'),
(289, 26, '2025-05-13 10:20:00', NULL, 61, NULL, 'v', NULL, '2025-04-28 16:00:12', '2025-04-28 16:00:12'),
(290, 26, '2025-05-13 11:00:00', NULL, 61, NULL, 'v', NULL, '2025-04-28 16:00:12', '2025-04-28 16:00:12'),
(291, 26, '2025-05-13 11:40:00', NULL, 61, NULL, 'v', NULL, '2025-04-28 16:00:12', '2025-04-28 16:00:12'),
(292, 26, '2025-05-13 12:20:00', NULL, 61, NULL, 'v', NULL, '2025-04-28 16:00:12', '2025-04-28 16:00:12'),
(293, 26, '2025-05-13 13:00:00', NULL, 61, NULL, 'v', NULL, '2025-04-28 16:00:12', '2025-04-28 16:00:12'),
(294, 26, '2025-05-19 07:00:00', NULL, 63, NULL, 'v', NULL, '2025-04-28 16:00:12', '2025-04-28 16:00:12'),
(295, 26, '2025-05-19 07:30:00', NULL, 63, NULL, 'v', NULL, '2025-04-28 16:00:12', '2025-04-28 16:00:12'),
(296, 26, '2025-05-19 08:00:00', NULL, 63, NULL, 'v', NULL, '2025-04-28 16:00:12', '2025-04-28 16:00:12'),
(297, 26, '2025-05-19 08:30:00', NULL, 63, NULL, 'v', NULL, '2025-04-28 16:00:12', '2025-04-28 16:00:12'),
(298, 26, '2025-05-19 09:00:00', NULL, 63, NULL, 'v', NULL, '2025-04-28 16:00:12', '2025-04-28 16:00:12'),
(299, 26, '2025-05-19 09:30:00', NULL, 63, NULL, 'v', NULL, '2025-04-28 16:00:12', '2025-04-28 16:00:12'),
(300, 26, '2025-05-19 10:00:00', NULL, 63, NULL, 'v', NULL, '2025-04-28 16:00:12', '2025-04-28 16:00:12'),
(301, 26, '2025-05-19 10:30:00', NULL, 63, NULL, 'v', NULL, '2025-04-28 16:00:12', '2025-04-28 16:00:12'),
(302, 26, '2025-05-19 11:00:00', NULL, 63, NULL, 'v', NULL, '2025-04-28 16:00:12', '2025-04-28 16:00:12'),
(303, 26, '2025-05-19 11:30:00', NULL, 63, NULL, 'v', NULL, '2025-04-28 16:00:12', '2025-04-28 16:00:12'),
(304, 26, '2025-05-19 12:00:00', NULL, 63, NULL, 'v', NULL, '2025-04-28 16:00:12', '2025-04-28 16:00:12'),
(305, 26, '2025-05-19 12:30:00', NULL, 63, NULL, 'v', NULL, '2025-04-28 16:00:12', '2025-04-28 16:00:12'),
(306, 26, '2025-05-19 13:00:00', NULL, 63, NULL, 'v', NULL, '2025-04-28 16:00:12', '2025-04-28 16:00:12'),
(307, 26, '2025-05-19 13:30:00', NULL, 63, NULL, 'v', NULL, '2025-04-28 16:00:12', '2025-04-28 16:00:12'),
(308, 26, '2025-05-20 07:00:00', NULL, 62, NULL, 'v', NULL, '2025-04-28 16:00:12', '2025-04-28 16:00:12'),
(309, 26, '2025-05-20 08:10:00', NULL, 62, NULL, 'v', NULL, '2025-04-28 16:00:12', '2025-04-28 16:00:12'),
(310, 26, '2025-05-20 09:20:00', NULL, 62, NULL, 'v', NULL, '2025-04-28 16:00:12', '2025-04-28 16:00:12'),
(311, 26, '2025-05-20 10:30:00', NULL, 62, NULL, 'v', NULL, '2025-04-28 16:00:12', '2025-04-28 16:00:12'),
(312, 26, '2025-05-20 11:40:00', NULL, 62, NULL, 'v', NULL, '2025-04-28 16:00:12', '2025-04-28 16:00:12'),
(313, 26, '2025-05-20 12:50:00', NULL, 62, NULL, 'v', NULL, '2025-04-28 16:00:12', '2025-04-28 16:00:12'),
(314, 26, '2025-05-26 13:00:00', NULL, 64, NULL, 'v', NULL, '2025-04-28 16:00:12', '2025-04-28 16:00:12'),
(315, 26, '2025-05-26 15:10:00', NULL, 64, NULL, 'v', NULL, '2025-04-28 16:00:12', '2025-04-28 16:00:12'),
(316, 26, '2025-05-27 13:00:00', NULL, 64, NULL, 'v', NULL, '2025-04-28 16:00:12', '2025-04-28 16:00:12'),
(317, 26, '2025-05-27 15:10:00', NULL, 64, NULL, 'v', NULL, '2025-04-28 16:00:12', '2025-04-28 16:00:12'),
(318, 26, '2025-04-25 13:31:00', 10, 66, 'A beavatkozás szövődménymentesen lezajlott.', 'd', 1, '2025-04-28 16:00:12', '2025-04-28 16:00:12'),
(319, 28, '2025-04-28 07:00:00', NULL, 89, NULL, 'v', NULL, '2025-04-28 16:00:12', '2025-04-28 16:00:12'),
(320, 28, '2025-04-28 07:50:00', NULL, 89, NULL, 'v', NULL, '2025-04-28 16:00:12', '2025-04-28 16:00:12'),
(321, 28, '2025-04-28 08:40:00', NULL, 89, NULL, 'v', NULL, '2025-04-28 16:00:12', '2025-04-28 16:00:12'),
(322, 28, '2025-04-28 09:30:00', NULL, 89, NULL, 'v', NULL, '2025-04-28 16:00:12', '2025-04-28 16:00:12'),
(323, 28, '2025-04-28 10:20:00', NULL, 89, NULL, 'v', NULL, '2025-04-28 16:00:12', '2025-04-28 16:00:12'),
(324, 28, '2025-04-28 11:10:00', NULL, 89, NULL, 'v', NULL, '2025-04-28 16:00:12', '2025-04-28 16:00:12'),
(325, 28, '2025-04-28 12:00:00', NULL, 89, NULL, 'v', NULL, '2025-04-28 16:00:12', '2025-04-28 16:00:12'),
(326, 28, '2025-04-28 12:50:00', NULL, 89, NULL, 'v', NULL, '2025-04-28 16:00:12', '2025-04-28 16:00:12'),
(327, 28, '2025-04-29 07:00:00', NULL, 88, NULL, 'v', NULL, '2025-04-28 16:00:12', '2025-04-28 16:00:12'),
(328, 28, '2025-04-29 08:10:00', NULL, 88, NULL, 'v', NULL, '2025-04-28 16:00:12', '2025-04-28 16:00:12'),
(329, 28, '2025-04-29 09:20:00', NULL, 88, NULL, 'v', NULL, '2025-04-28 16:00:12', '2025-04-28 16:00:12'),
(330, 28, '2025-04-29 10:30:00', NULL, 88, NULL, 'v', NULL, '2025-04-28 16:00:12', '2025-04-28 16:00:12'),
(331, 28, '2025-04-29 11:40:00', NULL, 88, NULL, 'v', NULL, '2025-04-28 16:00:12', '2025-04-28 16:00:12'),
(332, 28, '2025-04-29 12:50:00', NULL, 88, NULL, 'v', NULL, '2025-04-28 16:00:12', '2025-04-28 16:00:12'),
(333, 28, '2025-05-05 13:00:00', NULL, 85, NULL, 'v', NULL, '2025-04-28 16:00:12', '2025-04-28 16:00:12'),
(334, 28, '2025-05-05 14:10:00', NULL, 85, NULL, 'v', NULL, '2025-04-28 16:00:12', '2025-04-28 16:00:12'),
(335, 28, '2025-05-05 15:20:00', NULL, 85, NULL, 'v', NULL, '2025-04-28 16:00:12', '2025-04-28 16:00:12'),
(336, 28, '2025-05-05 16:30:00', NULL, 85, NULL, 'v', NULL, '2025-04-28 16:00:12', '2025-04-28 16:00:12'),
(337, 28, '2025-05-06 07:00:00', NULL, 86, NULL, 'v', NULL, '2025-04-28 16:00:12', '2025-04-28 16:00:12'),
(338, 28, '2025-05-06 07:55:00', NULL, 86, NULL, 'v', NULL, '2025-04-28 16:00:12', '2025-04-28 16:00:12'),
(339, 28, '2025-05-06 08:50:00', NULL, 86, NULL, 'v', NULL, '2025-04-28 16:00:12', '2025-04-28 16:00:12'),
(340, 28, '2025-05-06 09:45:00', NULL, 86, NULL, 'v', NULL, '2025-04-28 16:00:12', '2025-04-28 16:00:12'),
(341, 28, '2025-05-06 10:40:00', NULL, 86, NULL, 'v', NULL, '2025-04-28 16:00:12', '2025-04-28 16:00:12'),
(342, 28, '2025-05-06 11:35:00', NULL, 86, NULL, 'v', NULL, '2025-04-28 16:00:12', '2025-04-28 16:00:12'),
(343, 28, '2025-05-06 12:30:00', NULL, 86, NULL, 'v', NULL, '2025-04-28 16:00:12', '2025-04-28 16:00:12'),
(344, 28, '2025-05-12 13:00:00', NULL, 90, NULL, 'v', NULL, '2025-04-28 16:00:12', '2025-04-28 16:00:12'),
(345, 28, '2025-05-12 14:00:00', NULL, 90, NULL, 'v', NULL, '2025-04-28 16:00:12', '2025-04-28 16:00:12'),
(346, 28, '2025-05-12 15:00:00', NULL, 90, NULL, 'v', NULL, '2025-04-28 16:00:12', '2025-04-28 16:00:12'),
(347, 28, '2025-05-12 16:00:00', NULL, 90, NULL, 'v', NULL, '2025-04-28 16:00:12', '2025-04-28 16:00:12'),
(348, 28, '2025-05-12 17:00:00', NULL, 90, NULL, 'v', NULL, '2025-04-28 16:00:12', '2025-04-28 16:00:12'),
(349, 28, '2025-05-13 07:00:00', NULL, 89, NULL, 'v', NULL, '2025-04-28 16:00:12', '2025-04-28 16:00:12'),
(350, 28, '2025-05-13 07:50:00', NULL, 89, NULL, 'v', NULL, '2025-04-28 16:00:12', '2025-04-28 16:00:12'),
(351, 28, '2025-05-13 08:40:00', NULL, 89, NULL, 'v', NULL, '2025-04-28 16:00:12', '2025-04-28 16:00:12'),
(352, 28, '2025-05-13 09:30:00', NULL, 89, NULL, 'v', NULL, '2025-04-28 16:00:12', '2025-04-28 16:00:12'),
(353, 28, '2025-05-13 10:20:00', NULL, 89, NULL, 'v', NULL, '2025-04-28 16:00:12', '2025-04-28 16:00:12'),
(354, 28, '2025-05-13 11:10:00', NULL, 89, NULL, 'v', NULL, '2025-04-28 16:00:12', '2025-04-28 16:00:12'),
(355, 28, '2025-05-13 12:00:00', NULL, 89, NULL, 'v', NULL, '2025-04-28 16:00:12', '2025-04-28 16:00:12'),
(356, 28, '2025-05-13 12:50:00', NULL, 89, NULL, 'v', NULL, '2025-04-28 16:00:12', '2025-04-28 16:00:12'),
(357, 28, '2025-05-19 07:00:00', NULL, 90, NULL, 'v', NULL, '2025-04-28 16:00:12', '2025-04-28 16:00:12'),
(358, 28, '2025-05-19 08:00:00', NULL, 90, NULL, 'v', NULL, '2025-04-28 16:00:12', '2025-04-28 16:00:12'),
(359, 28, '2025-05-19 09:00:00', NULL, 90, NULL, 'v', NULL, '2025-04-28 16:00:12', '2025-04-28 16:00:12'),
(360, 28, '2025-05-19 10:00:00', NULL, 90, NULL, 'v', NULL, '2025-04-28 16:00:12', '2025-04-28 16:00:12'),
(361, 28, '2025-05-19 11:00:00', NULL, 90, NULL, 'v', NULL, '2025-04-28 16:00:12', '2025-04-28 16:00:12'),
(362, 28, '2025-05-19 12:00:00', NULL, 90, NULL, 'v', NULL, '2025-04-28 16:00:12', '2025-04-28 16:00:12'),
(363, 28, '2025-05-19 13:00:00', NULL, 90, NULL, 'v', NULL, '2025-04-28 16:00:12', '2025-04-28 16:00:12'),
(364, 28, '2025-05-20 13:00:00', NULL, 88, NULL, 'v', NULL, '2025-04-28 16:00:12', '2025-04-28 16:00:12'),
(365, 28, '2025-05-20 14:10:00', NULL, 88, NULL, 'v', NULL, '2025-04-28 16:00:12', '2025-04-28 16:00:12'),
(366, 28, '2025-05-20 15:20:00', NULL, 88, NULL, 'v', NULL, '2025-04-28 16:00:12', '2025-04-28 16:00:12'),
(367, 28, '2025-05-20 16:30:00', NULL, 88, NULL, 'v', NULL, '2025-04-28 16:00:12', '2025-04-28 16:00:12'),
(368, 28, '2025-05-26 07:00:00', NULL, 88, NULL, 'v', NULL, '2025-04-28 16:00:12', '2025-04-28 16:00:12'),
(369, 28, '2025-05-26 08:10:00', NULL, 88, NULL, 'v', NULL, '2025-04-28 16:00:12', '2025-04-28 16:00:12'),
(370, 28, '2025-05-26 09:20:00', NULL, 88, NULL, 'v', NULL, '2025-04-28 16:00:12', '2025-04-28 16:00:12'),
(371, 28, '2025-05-26 10:30:00', NULL, 88, NULL, 'v', NULL, '2025-04-28 16:00:12', '2025-04-28 16:00:12'),
(372, 28, '2025-05-26 11:40:00', NULL, 88, NULL, 'v', NULL, '2025-04-28 16:00:12', '2025-04-28 16:00:12'),
(373, 28, '2025-05-26 12:50:00', NULL, 88, NULL, 'v', NULL, '2025-04-28 16:00:12', '2025-04-28 16:00:12'),
(374, 28, '2025-05-27 07:00:00', NULL, 87, NULL, 'v', NULL, '2025-04-28 16:00:12', '2025-04-28 16:00:12'),
(375, 28, '2025-05-27 08:40:00', NULL, 87, NULL, 'v', NULL, '2025-04-28 16:00:12', '2025-04-28 16:00:12'),
(376, 28, '2025-05-27 10:20:00', NULL, 87, NULL, 'v', NULL, '2025-04-28 16:00:12', '2025-04-28 16:00:12'),
(377, 28, '2025-05-27 12:00:00', NULL, 87, NULL, 'v', NULL, '2025-04-28 16:00:12', '2025-04-28 16:00:12'),
(378, 28, '2025-04-15 14:27:00', 17, 89, 'Az eredmények kedvezőek, újabb vizsgálat fél év múlva javasolt.', 'd', 4, '2025-04-28 16:00:12', '2025-04-28 16:00:12'),
(379, 29, '2025-04-28 07:00:00', NULL, 68, NULL, 'v', NULL, '2025-04-28 16:00:12', '2025-04-28 16:00:12'),
(380, 29, '2025-04-28 07:30:00', NULL, 68, NULL, 'v', NULL, '2025-04-28 16:00:12', '2025-04-28 16:00:12'),
(381, 29, '2025-04-28 08:00:00', NULL, 68, NULL, 'v', NULL, '2025-04-28 16:00:12', '2025-04-28 16:00:12'),
(382, 29, '2025-04-28 08:30:00', NULL, 68, NULL, 'v', NULL, '2025-04-28 16:00:12', '2025-04-28 16:00:12'),
(383, 29, '2025-04-28 09:00:00', NULL, 68, NULL, 'v', NULL, '2025-04-28 16:00:12', '2025-04-28 16:00:12'),
(384, 29, '2025-04-28 09:30:00', NULL, 68, NULL, 'v', NULL, '2025-04-28 16:00:12', '2025-04-28 16:00:12'),
(385, 29, '2025-04-28 10:00:00', NULL, 68, NULL, 'v', NULL, '2025-04-28 16:00:12', '2025-04-28 16:00:12'),
(386, 29, '2025-04-28 10:30:00', NULL, 68, NULL, 'v', NULL, '2025-04-28 16:00:12', '2025-04-28 16:00:12'),
(387, 29, '2025-04-28 11:00:00', NULL, 68, NULL, 'v', NULL, '2025-04-28 16:00:12', '2025-04-28 16:00:12'),
(388, 29, '2025-04-28 11:30:00', NULL, 68, NULL, 'v', NULL, '2025-04-28 16:00:12', '2025-04-28 16:00:12'),
(389, 29, '2025-04-28 12:00:00', NULL, 68, NULL, 'v', NULL, '2025-04-28 16:00:12', '2025-04-28 16:00:12'),
(390, 29, '2025-04-28 12:30:00', NULL, 68, NULL, 'v', NULL, '2025-04-28 16:00:12', '2025-04-28 16:00:12'),
(391, 29, '2025-04-28 13:00:00', NULL, 68, NULL, 'v', NULL, '2025-04-28 16:00:12', '2025-04-28 16:00:12'),
(392, 29, '2025-04-28 13:30:00', NULL, 68, NULL, 'v', NULL, '2025-04-28 16:00:12', '2025-04-28 16:00:12'),
(393, 29, '2025-04-29 13:00:00', NULL, 72, NULL, 'v', NULL, '2025-04-28 16:00:12', '2025-04-28 16:00:12'),
(394, 29, '2025-04-29 13:55:00', NULL, 72, NULL, 'v', NULL, '2025-04-28 16:00:12', '2025-04-28 16:00:12'),
(395, 29, '2025-04-29 14:50:00', NULL, 72, NULL, 'v', NULL, '2025-04-28 16:00:12', '2025-04-28 16:00:12'),
(396, 29, '2025-04-29 15:45:00', NULL, 72, NULL, 'v', NULL, '2025-04-28 16:00:12', '2025-04-28 16:00:12'),
(397, 29, '2025-04-29 16:40:00', NULL, 72, NULL, 'v', NULL, '2025-04-28 16:00:12', '2025-04-28 16:00:12'),
(398, 29, '2025-05-05 07:00:00', NULL, 69, NULL, 'v', NULL, '2025-04-28 16:00:13', '2025-04-28 16:00:13'),
(399, 29, '2025-05-05 08:00:00', NULL, 69, NULL, 'v', NULL, '2025-04-28 16:00:13', '2025-04-28 16:00:13'),
(400, 29, '2025-05-05 09:00:00', NULL, 69, NULL, 'v', NULL, '2025-04-28 16:00:13', '2025-04-28 16:00:13'),
(401, 29, '2025-05-05 10:00:00', NULL, 69, NULL, 'v', NULL, '2025-04-28 16:00:13', '2025-04-28 16:00:13'),
(402, 29, '2025-05-05 11:00:00', NULL, 69, NULL, 'v', NULL, '2025-04-28 16:00:13', '2025-04-28 16:00:13'),
(403, 29, '2025-05-05 12:00:00', NULL, 69, NULL, 'v', NULL, '2025-04-28 16:00:13', '2025-04-28 16:00:13'),
(404, 29, '2025-05-05 13:00:00', NULL, 69, NULL, 'v', NULL, '2025-04-28 16:00:13', '2025-04-28 16:00:13'),
(405, 29, '2025-05-06 07:00:00', NULL, 68, NULL, 'v', NULL, '2025-04-28 16:00:13', '2025-04-28 16:00:13'),
(406, 29, '2025-05-06 07:30:00', NULL, 68, NULL, 'v', NULL, '2025-04-28 16:00:13', '2025-04-28 16:00:13'),
(407, 29, '2025-05-06 08:00:00', NULL, 68, NULL, 'v', NULL, '2025-04-28 16:00:13', '2025-04-28 16:00:13'),
(408, 29, '2025-05-06 08:30:00', NULL, 68, NULL, 'v', NULL, '2025-04-28 16:00:13', '2025-04-28 16:00:13'),
(409, 29, '2025-05-06 09:00:00', NULL, 68, NULL, 'v', NULL, '2025-04-28 16:00:13', '2025-04-28 16:00:13'),
(410, 29, '2025-05-06 09:30:00', NULL, 68, NULL, 'v', NULL, '2025-04-28 16:00:13', '2025-04-28 16:00:13'),
(411, 29, '2025-05-06 10:00:00', NULL, 68, NULL, 'v', NULL, '2025-04-28 16:00:13', '2025-04-28 16:00:13'),
(412, 29, '2025-05-06 10:30:00', NULL, 68, NULL, 'v', NULL, '2025-04-28 16:00:13', '2025-04-28 16:00:13'),
(413, 29, '2025-05-06 11:00:00', NULL, 68, NULL, 'v', NULL, '2025-04-28 16:00:13', '2025-04-28 16:00:13'),
(414, 29, '2025-05-06 11:30:00', NULL, 68, NULL, 'v', NULL, '2025-04-28 16:00:13', '2025-04-28 16:00:13'),
(415, 29, '2025-05-06 12:00:00', NULL, 68, NULL, 'v', NULL, '2025-04-28 16:00:13', '2025-04-28 16:00:13'),
(416, 29, '2025-05-06 12:30:00', NULL, 68, NULL, 'v', NULL, '2025-04-28 16:00:13', '2025-04-28 16:00:13'),
(417, 29, '2025-05-06 13:00:00', NULL, 68, NULL, 'v', NULL, '2025-04-28 16:00:13', '2025-04-28 16:00:13'),
(418, 29, '2025-05-06 13:30:00', NULL, 68, NULL, 'v', NULL, '2025-04-28 16:00:13', '2025-04-28 16:00:13'),
(419, 29, '2025-05-12 13:00:00', NULL, 71, NULL, 'v', NULL, '2025-04-28 16:00:13', '2025-04-28 16:00:13'),
(420, 29, '2025-05-12 13:50:00', NULL, 71, NULL, 'v', NULL, '2025-04-28 16:00:13', '2025-04-28 16:00:13'),
(421, 29, '2025-05-12 14:40:00', NULL, 71, NULL, 'v', NULL, '2025-04-28 16:00:13', '2025-04-28 16:00:13'),
(422, 29, '2025-05-12 15:30:00', NULL, 71, NULL, 'v', NULL, '2025-04-28 16:00:13', '2025-04-28 16:00:13'),
(423, 29, '2025-05-12 16:20:00', NULL, 71, NULL, 'v', NULL, '2025-04-28 16:00:13', '2025-04-28 16:00:13'),
(424, 29, '2025-05-12 17:10:00', NULL, 71, NULL, 'v', NULL, '2025-04-28 16:00:13', '2025-04-28 16:00:13'),
(425, 29, '2025-05-13 13:00:00', NULL, 70, NULL, 'v', NULL, '2025-04-28 16:00:13', '2025-04-28 16:00:13'),
(426, 29, '2025-05-13 13:40:00', NULL, 70, NULL, 'v', NULL, '2025-04-28 16:00:13', '2025-04-28 16:00:13'),
(427, 29, '2025-05-13 14:20:00', NULL, 70, NULL, 'v', NULL, '2025-04-28 16:00:13', '2025-04-28 16:00:13'),
(428, 29, '2025-05-13 15:00:00', NULL, 70, NULL, 'v', NULL, '2025-04-28 16:00:13', '2025-04-28 16:00:13'),
(429, 29, '2025-05-13 15:40:00', NULL, 70, NULL, 'v', NULL, '2025-04-28 16:00:13', '2025-04-28 16:00:13'),
(430, 29, '2025-05-13 16:20:00', NULL, 70, NULL, 'v', NULL, '2025-04-28 16:00:13', '2025-04-28 16:00:13'),
(431, 29, '2025-05-13 17:00:00', NULL, 70, NULL, 'v', NULL, '2025-04-28 16:00:13', '2025-04-28 16:00:13'),
(432, 29, '2025-05-19 07:00:00', NULL, 72, NULL, 'v', NULL, '2025-04-28 16:00:13', '2025-04-28 16:00:13'),
(433, 29, '2025-05-19 07:55:00', NULL, 72, NULL, 'v', NULL, '2025-04-28 16:00:13', '2025-04-28 16:00:13'),
(434, 29, '2025-05-19 08:50:00', NULL, 72, NULL, 'v', NULL, '2025-04-28 16:00:13', '2025-04-28 16:00:13'),
(435, 29, '2025-05-19 09:45:00', NULL, 72, NULL, 'v', NULL, '2025-04-28 16:00:13', '2025-04-28 16:00:13'),
(436, 29, '2025-05-19 10:40:00', NULL, 72, NULL, 'v', NULL, '2025-04-28 16:00:13', '2025-04-28 16:00:13'),
(437, 29, '2025-05-19 11:35:00', NULL, 72, NULL, 'v', NULL, '2025-04-28 16:00:13', '2025-04-28 16:00:13'),
(438, 29, '2025-05-19 12:30:00', NULL, 72, NULL, 'v', NULL, '2025-04-28 16:00:13', '2025-04-28 16:00:13'),
(439, 29, '2025-05-20 13:00:00', NULL, 67, NULL, 'v', NULL, '2025-04-28 16:00:13', '2025-04-28 16:00:13'),
(440, 29, '2025-05-20 13:50:00', NULL, 67, NULL, 'v', NULL, '2025-04-28 16:00:13', '2025-04-28 16:00:13'),
(441, 29, '2025-05-20 14:40:00', NULL, 67, NULL, 'v', NULL, '2025-04-28 16:00:13', '2025-04-28 16:00:13'),
(442, 29, '2025-05-20 15:30:00', NULL, 67, NULL, 'v', NULL, '2025-04-28 16:00:13', '2025-04-28 16:00:13'),
(443, 29, '2025-05-20 16:20:00', NULL, 67, NULL, 'v', NULL, '2025-04-28 16:00:13', '2025-04-28 16:00:13'),
(444, 29, '2025-05-20 17:10:00', NULL, 67, NULL, 'v', NULL, '2025-04-28 16:00:13', '2025-04-28 16:00:13'),
(445, 29, '2025-05-26 07:00:00', NULL, 67, NULL, 'v', NULL, '2025-04-28 16:00:13', '2025-04-28 16:00:13'),
(446, 29, '2025-05-26 07:50:00', NULL, 67, NULL, 'v', NULL, '2025-04-28 16:00:13', '2025-04-28 16:00:13'),
(447, 29, '2025-05-26 08:40:00', NULL, 67, NULL, 'v', NULL, '2025-04-28 16:00:13', '2025-04-28 16:00:13'),
(448, 29, '2025-05-26 09:30:00', NULL, 67, NULL, 'v', NULL, '2025-04-28 16:00:13', '2025-04-28 16:00:13'),
(449, 29, '2025-05-26 10:20:00', NULL, 67, NULL, 'v', NULL, '2025-04-28 16:00:13', '2025-04-28 16:00:13'),
(450, 29, '2025-05-26 11:10:00', NULL, 67, NULL, 'v', NULL, '2025-04-28 16:00:13', '2025-04-28 16:00:13'),
(451, 29, '2025-05-26 12:00:00', NULL, 67, NULL, 'v', NULL, '2025-04-28 16:00:13', '2025-04-28 16:00:13'),
(452, 29, '2025-05-26 12:50:00', NULL, 67, NULL, 'v', NULL, '2025-04-28 16:00:13', '2025-04-28 16:00:13'),
(453, 29, '2025-05-27 13:00:00', NULL, 72, NULL, 'v', NULL, '2025-04-28 16:00:13', '2025-04-28 16:00:13'),
(454, 29, '2025-05-27 13:55:00', NULL, 72, NULL, 'v', NULL, '2025-04-28 16:00:13', '2025-04-28 16:00:13'),
(455, 29, '2025-05-27 14:50:00', NULL, 72, NULL, 'v', NULL, '2025-04-28 16:00:13', '2025-04-28 16:00:13'),
(456, 29, '2025-05-27 15:45:00', NULL, 72, NULL, 'v', NULL, '2025-04-28 16:00:13', '2025-04-28 16:00:13'),
(457, 29, '2025-05-27 16:40:00', NULL, 72, NULL, 'v', NULL, '2025-04-28 16:00:13', '2025-04-28 16:00:13'),
(458, 29, '2025-04-13 14:18:00', 10, 72, 'Panaszok csökkentek, terápia sikeresnek tekinthető.', 'd', 5, '2025-04-28 16:00:13', '2025-04-28 16:00:13'),
(459, 30, '2025-04-30 07:00:00', NULL, 85, NULL, 'v', NULL, '2025-04-28 16:00:13', '2025-04-28 16:00:13'),
(460, 30, '2025-04-30 08:10:00', NULL, 85, NULL, 'v', NULL, '2025-04-28 16:00:13', '2025-04-28 16:00:13'),
(461, 30, '2025-04-30 09:20:00', NULL, 85, NULL, 'v', NULL, '2025-04-28 16:00:13', '2025-04-28 16:00:13'),
(462, 30, '2025-04-30 10:30:00', NULL, 85, NULL, 'v', NULL, '2025-04-28 16:00:13', '2025-04-28 16:00:13'),
(463, 30, '2025-04-30 11:40:00', NULL, 85, NULL, 'v', NULL, '2025-04-28 16:00:13', '2025-04-28 16:00:13'),
(464, 30, '2025-04-30 12:50:00', NULL, 85, NULL, 'v', NULL, '2025-04-28 16:00:13', '2025-04-28 16:00:13'),
(465, 30, '2025-05-01 13:00:00', NULL, 89, NULL, 'v', NULL, '2025-04-28 16:00:13', '2025-04-28 16:00:13'),
(466, 30, '2025-05-01 13:50:00', NULL, 89, NULL, 'v', NULL, '2025-04-28 16:00:13', '2025-04-28 16:00:13'),
(467, 30, '2025-05-01 14:40:00', NULL, 89, NULL, 'v', NULL, '2025-04-28 16:00:13', '2025-04-28 16:00:13'),
(468, 30, '2025-05-01 15:30:00', NULL, 89, NULL, 'v', NULL, '2025-04-28 16:00:13', '2025-04-28 16:00:13'),
(469, 30, '2025-05-01 16:20:00', NULL, 89, NULL, 'v', NULL, '2025-04-28 16:00:13', '2025-04-28 16:00:13'),
(470, 30, '2025-05-01 17:10:00', NULL, 89, NULL, 'v', NULL, '2025-04-28 16:00:13', '2025-04-28 16:00:13'),
(471, 30, '2025-05-06 07:00:00', NULL, 88, NULL, 'v', NULL, '2025-04-28 16:00:13', '2025-04-28 16:00:13'),
(472, 30, '2025-05-06 08:10:00', NULL, 88, NULL, 'v', NULL, '2025-04-28 16:00:13', '2025-04-28 16:00:13'),
(473, 30, '2025-05-06 09:20:00', NULL, 88, NULL, 'v', NULL, '2025-04-28 16:00:13', '2025-04-28 16:00:13');
INSERT INTO `doctor_appointments` (`id`, `doctor_id`, `start_time`, `patient_id`, `treatment_id`, `description`, `status`, `rating`, `created_at`, `updated_at`) VALUES
(474, 30, '2025-05-06 10:30:00', NULL, 88, NULL, 'v', NULL, '2025-04-28 16:00:13', '2025-04-28 16:00:13'),
(475, 30, '2025-05-06 11:40:00', NULL, 88, NULL, 'v', NULL, '2025-04-28 16:00:13', '2025-04-28 16:00:13'),
(476, 30, '2025-05-06 12:50:00', NULL, 88, NULL, 'v', NULL, '2025-04-28 16:00:13', '2025-04-28 16:00:13'),
(477, 30, '2025-05-07 07:00:00', NULL, 85, NULL, 'v', NULL, '2025-04-28 16:00:13', '2025-04-28 16:00:13'),
(478, 30, '2025-05-07 08:10:00', NULL, 85, NULL, 'v', NULL, '2025-04-28 16:00:13', '2025-04-28 16:00:13'),
(479, 30, '2025-05-07 09:20:00', NULL, 85, NULL, 'v', NULL, '2025-04-28 16:00:13', '2025-04-28 16:00:13'),
(480, 30, '2025-05-07 10:30:00', NULL, 85, NULL, 'v', NULL, '2025-04-28 16:00:13', '2025-04-28 16:00:13'),
(481, 30, '2025-05-07 11:40:00', NULL, 85, NULL, 'v', NULL, '2025-04-28 16:00:13', '2025-04-28 16:00:13'),
(482, 30, '2025-05-07 12:50:00', NULL, 85, NULL, 'v', NULL, '2025-04-28 16:00:13', '2025-04-28 16:00:13'),
(483, 30, '2025-05-13 07:00:00', NULL, 88, NULL, 'v', NULL, '2025-04-28 16:00:13', '2025-04-28 16:00:13'),
(484, 30, '2025-05-13 08:10:00', NULL, 88, NULL, 'v', NULL, '2025-04-28 16:00:13', '2025-04-28 16:00:13'),
(485, 30, '2025-05-13 09:20:00', NULL, 88, NULL, 'v', NULL, '2025-04-28 16:00:13', '2025-04-28 16:00:13'),
(486, 30, '2025-05-13 10:30:00', NULL, 88, NULL, 'v', NULL, '2025-04-28 16:00:13', '2025-04-28 16:00:13'),
(487, 30, '2025-05-13 11:40:00', NULL, 88, NULL, 'v', NULL, '2025-04-28 16:00:13', '2025-04-28 16:00:13'),
(488, 30, '2025-05-13 12:50:00', NULL, 88, NULL, 'v', NULL, '2025-04-28 16:00:13', '2025-04-28 16:00:13'),
(489, 30, '2025-05-14 13:00:00', NULL, 89, NULL, 'v', NULL, '2025-04-28 16:00:13', '2025-04-28 16:00:13'),
(490, 30, '2025-05-14 13:50:00', NULL, 89, NULL, 'v', NULL, '2025-04-28 16:00:13', '2025-04-28 16:00:13'),
(491, 30, '2025-05-14 14:40:00', NULL, 89, NULL, 'v', NULL, '2025-04-28 16:00:13', '2025-04-28 16:00:13'),
(492, 30, '2025-05-14 15:30:00', NULL, 89, NULL, 'v', NULL, '2025-04-28 16:00:13', '2025-04-28 16:00:13'),
(493, 30, '2025-05-14 16:20:00', NULL, 89, NULL, 'v', NULL, '2025-04-28 16:00:13', '2025-04-28 16:00:13'),
(494, 30, '2025-05-14 17:10:00', NULL, 89, NULL, 'v', NULL, '2025-04-28 16:00:13', '2025-04-28 16:00:13'),
(495, 30, '2025-05-20 13:00:00', NULL, 87, NULL, 'v', NULL, '2025-04-28 16:00:13', '2025-04-28 16:00:13'),
(496, 30, '2025-05-20 14:40:00', NULL, 87, NULL, 'v', NULL, '2025-04-28 16:00:13', '2025-04-28 16:00:13'),
(497, 30, '2025-05-20 16:20:00', NULL, 87, NULL, 'v', NULL, '2025-04-28 16:00:13', '2025-04-28 16:00:13'),
(498, 30, '2025-05-21 13:00:00', NULL, 90, NULL, 'v', NULL, '2025-04-28 16:00:13', '2025-04-28 16:00:13'),
(499, 30, '2025-05-21 14:00:00', NULL, 90, NULL, 'v', NULL, '2025-04-28 16:00:13', '2025-04-28 16:00:13'),
(500, 30, '2025-05-21 15:00:00', NULL, 90, NULL, 'v', NULL, '2025-04-28 16:00:13', '2025-04-28 16:00:13'),
(501, 30, '2025-05-21 16:00:00', NULL, 90, NULL, 'v', NULL, '2025-04-28 16:00:13', '2025-04-28 16:00:13'),
(502, 30, '2025-05-21 17:00:00', NULL, 90, NULL, 'v', NULL, '2025-04-28 16:00:13', '2025-04-28 16:00:13'),
(503, 30, '2025-05-26 07:00:00', NULL, 87, NULL, 'v', NULL, '2025-04-28 16:00:13', '2025-04-28 16:00:13'),
(504, 30, '2025-05-26 08:40:00', NULL, 87, NULL, 'v', NULL, '2025-04-28 16:00:13', '2025-04-28 16:00:13'),
(505, 30, '2025-05-26 10:20:00', NULL, 87, NULL, 'v', NULL, '2025-04-28 16:00:13', '2025-04-28 16:00:13'),
(506, 30, '2025-05-26 12:00:00', NULL, 87, NULL, 'v', NULL, '2025-04-28 16:00:13', '2025-04-28 16:00:13'),
(507, 30, '2025-05-27 07:00:00', NULL, 89, NULL, 'v', NULL, '2025-04-28 16:00:13', '2025-04-28 16:00:13'),
(508, 30, '2025-05-27 07:50:00', NULL, 89, NULL, 'v', NULL, '2025-04-28 16:00:13', '2025-04-28 16:00:13'),
(509, 30, '2025-05-27 08:40:00', NULL, 89, NULL, 'v', NULL, '2025-04-28 16:00:13', '2025-04-28 16:00:13'),
(510, 30, '2025-05-27 09:30:00', NULL, 89, NULL, 'v', NULL, '2025-04-28 16:00:13', '2025-04-28 16:00:13'),
(511, 30, '2025-05-27 10:20:00', NULL, 89, NULL, 'v', NULL, '2025-04-28 16:00:13', '2025-04-28 16:00:13'),
(512, 30, '2025-05-27 11:10:00', NULL, 89, NULL, 'v', NULL, '2025-04-28 16:00:13', '2025-04-28 16:00:13'),
(513, 30, '2025-05-27 12:00:00', NULL, 89, NULL, 'v', NULL, '2025-04-28 16:00:13', '2025-04-28 16:00:13'),
(514, 30, '2025-05-27 12:50:00', NULL, 89, NULL, 'v', NULL, '2025-04-28 16:00:13', '2025-04-28 16:00:13'),
(515, 30, '2025-04-05 14:42:00', 10, 87, 'A sebgyógyulás megfelelő, varratszedés esedékes egy hét múlva.', 'd', 5, '2025-04-28 16:00:13', '2025-04-28 16:00:13'),
(516, 32, '2025-04-28 13:00:00', NULL, 43, NULL, 'v', NULL, '2025-04-28 16:00:13', '2025-04-28 16:00:13'),
(517, 32, '2025-04-28 13:50:00', NULL, 43, NULL, 'v', NULL, '2025-04-28 16:00:13', '2025-04-28 16:00:13'),
(518, 32, '2025-04-28 14:40:00', NULL, 43, NULL, 'v', NULL, '2025-04-28 16:00:13', '2025-04-28 16:00:13'),
(519, 32, '2025-04-28 15:30:00', NULL, 43, NULL, 'v', NULL, '2025-04-28 16:00:13', '2025-04-28 16:00:13'),
(520, 32, '2025-04-28 16:20:00', NULL, 43, NULL, 'v', NULL, '2025-04-28 16:00:13', '2025-04-28 16:00:13'),
(521, 32, '2025-04-28 17:10:00', NULL, 43, NULL, 'v', NULL, '2025-04-28 16:00:13', '2025-04-28 16:00:13'),
(522, 32, '2025-04-29 07:00:00', NULL, 47, NULL, 'v', NULL, '2025-04-28 16:00:13', '2025-04-28 16:00:13'),
(523, 32, '2025-04-29 07:40:00', NULL, 47, NULL, 'v', NULL, '2025-04-28 16:00:13', '2025-04-28 16:00:13'),
(524, 32, '2025-04-29 08:20:00', NULL, 47, NULL, 'v', NULL, '2025-04-28 16:00:13', '2025-04-28 16:00:13'),
(525, 32, '2025-04-29 09:00:00', NULL, 47, NULL, 'v', NULL, '2025-04-28 16:00:13', '2025-04-28 16:00:13'),
(526, 32, '2025-04-29 09:40:00', NULL, 47, NULL, 'v', NULL, '2025-04-28 16:00:13', '2025-04-28 16:00:13'),
(527, 32, '2025-04-29 10:20:00', NULL, 47, NULL, 'v', NULL, '2025-04-28 16:00:13', '2025-04-28 16:00:13'),
(528, 32, '2025-04-29 11:00:00', NULL, 47, NULL, 'v', NULL, '2025-04-28 16:00:13', '2025-04-28 16:00:13'),
(529, 32, '2025-04-29 11:40:00', NULL, 47, NULL, 'v', NULL, '2025-04-28 16:00:13', '2025-04-28 16:00:13'),
(530, 32, '2025-04-29 12:20:00', NULL, 47, NULL, 'v', NULL, '2025-04-28 16:00:13', '2025-04-28 16:00:13'),
(531, 32, '2025-04-29 13:00:00', NULL, 47, NULL, 'v', NULL, '2025-04-28 16:00:13', '2025-04-28 16:00:13'),
(532, 32, '2025-05-05 07:00:00', NULL, 48, NULL, 'v', NULL, '2025-04-28 16:00:13', '2025-04-28 16:00:13'),
(533, 32, '2025-05-05 09:10:00', NULL, 48, NULL, 'v', NULL, '2025-04-28 16:00:13', '2025-04-28 16:00:13'),
(534, 32, '2025-05-05 11:20:00', NULL, 48, NULL, 'v', NULL, '2025-04-28 16:00:13', '2025-04-28 16:00:13'),
(535, 32, '2025-05-06 07:00:00', NULL, 43, NULL, 'v', NULL, '2025-04-28 16:00:13', '2025-04-28 16:00:13'),
(536, 32, '2025-05-06 07:50:00', NULL, 43, NULL, 'v', NULL, '2025-04-28 16:00:13', '2025-04-28 16:00:13'),
(537, 32, '2025-05-06 08:40:00', NULL, 43, NULL, 'v', NULL, '2025-04-28 16:00:13', '2025-04-28 16:00:13'),
(538, 32, '2025-05-06 09:30:00', NULL, 43, NULL, 'v', NULL, '2025-04-28 16:00:13', '2025-04-28 16:00:13'),
(539, 32, '2025-05-06 10:20:00', NULL, 43, NULL, 'v', NULL, '2025-04-28 16:00:13', '2025-04-28 16:00:13'),
(540, 32, '2025-05-06 11:10:00', NULL, 43, NULL, 'v', NULL, '2025-04-28 16:00:13', '2025-04-28 16:00:13'),
(541, 32, '2025-05-06 12:00:00', NULL, 43, NULL, 'v', NULL, '2025-04-28 16:00:13', '2025-04-28 16:00:13'),
(542, 32, '2025-05-06 12:50:00', NULL, 43, NULL, 'v', NULL, '2025-04-28 16:00:13', '2025-04-28 16:00:13'),
(543, 32, '2025-05-12 13:00:00', NULL, 46, NULL, 'v', NULL, '2025-04-28 16:00:13', '2025-04-28 16:00:13'),
(544, 32, '2025-05-12 14:10:00', NULL, 46, NULL, 'v', NULL, '2025-04-28 16:00:13', '2025-04-28 16:00:13'),
(545, 32, '2025-05-12 15:20:00', NULL, 46, NULL, 'v', NULL, '2025-04-28 16:00:13', '2025-04-28 16:00:13'),
(546, 32, '2025-05-12 16:30:00', NULL, 46, NULL, 'v', NULL, '2025-04-28 16:00:13', '2025-04-28 16:00:13'),
(547, 32, '2025-05-13 13:00:00', NULL, 46, NULL, 'v', NULL, '2025-04-28 16:00:13', '2025-04-28 16:00:13'),
(548, 32, '2025-05-13 14:10:00', NULL, 46, NULL, 'v', NULL, '2025-04-28 16:00:13', '2025-04-28 16:00:13'),
(549, 32, '2025-05-13 15:20:00', NULL, 46, NULL, 'v', NULL, '2025-04-28 16:00:13', '2025-04-28 16:00:13'),
(550, 32, '2025-05-13 16:30:00', NULL, 46, NULL, 'v', NULL, '2025-04-28 16:00:13', '2025-04-28 16:00:13'),
(551, 32, '2025-05-19 07:00:00', NULL, 45, NULL, 'v', NULL, '2025-04-28 16:00:13', '2025-04-28 16:00:13'),
(552, 32, '2025-05-19 08:00:00', NULL, 45, NULL, 'v', NULL, '2025-04-28 16:00:13', '2025-04-28 16:00:13'),
(553, 32, '2025-05-19 09:00:00', NULL, 45, NULL, 'v', NULL, '2025-04-28 16:00:13', '2025-04-28 16:00:13'),
(554, 32, '2025-05-19 10:00:00', NULL, 45, NULL, 'v', NULL, '2025-04-28 16:00:13', '2025-04-28 16:00:13'),
(555, 32, '2025-05-19 11:00:00', NULL, 45, NULL, 'v', NULL, '2025-04-28 16:00:13', '2025-04-28 16:00:13'),
(556, 32, '2025-05-19 12:00:00', NULL, 45, NULL, 'v', NULL, '2025-04-28 16:00:13', '2025-04-28 16:00:13'),
(557, 32, '2025-05-19 13:00:00', NULL, 45, NULL, 'v', NULL, '2025-04-28 16:00:13', '2025-04-28 16:00:13'),
(558, 32, '2025-05-20 13:00:00', NULL, 43, NULL, 'v', NULL, '2025-04-28 16:00:13', '2025-04-28 16:00:13'),
(559, 32, '2025-05-20 13:50:00', NULL, 43, NULL, 'v', NULL, '2025-04-28 16:00:13', '2025-04-28 16:00:13'),
(560, 32, '2025-05-20 14:40:00', NULL, 43, NULL, 'v', NULL, '2025-04-28 16:00:13', '2025-04-28 16:00:13'),
(561, 32, '2025-05-20 15:30:00', NULL, 43, NULL, 'v', NULL, '2025-04-28 16:00:13', '2025-04-28 16:00:13'),
(562, 32, '2025-05-20 16:20:00', NULL, 43, NULL, 'v', NULL, '2025-04-28 16:00:13', '2025-04-28 16:00:13'),
(563, 32, '2025-05-20 17:10:00', NULL, 43, NULL, 'v', NULL, '2025-04-28 16:00:13', '2025-04-28 16:00:13'),
(564, 32, '2025-05-26 07:00:00', NULL, 45, NULL, 'v', NULL, '2025-04-28 16:00:13', '2025-04-28 16:00:13'),
(565, 32, '2025-05-26 08:00:00', NULL, 45, NULL, 'v', NULL, '2025-04-28 16:00:13', '2025-04-28 16:00:13'),
(566, 32, '2025-05-26 09:00:00', NULL, 45, NULL, 'v', NULL, '2025-04-28 16:00:13', '2025-04-28 16:00:13'),
(567, 32, '2025-05-26 10:00:00', NULL, 45, NULL, 'v', NULL, '2025-04-28 16:00:13', '2025-04-28 16:00:13'),
(568, 32, '2025-05-26 11:00:00', NULL, 45, NULL, 'v', NULL, '2025-04-28 16:00:13', '2025-04-28 16:00:13'),
(569, 32, '2025-05-26 12:00:00', NULL, 45, NULL, 'v', NULL, '2025-04-28 16:00:13', '2025-04-28 16:00:13'),
(570, 32, '2025-05-26 13:00:00', NULL, 45, NULL, 'v', NULL, '2025-04-28 16:00:13', '2025-04-28 16:00:13'),
(571, 32, '2025-05-27 07:00:00', NULL, 44, NULL, 'v', NULL, '2025-04-28 16:00:13', '2025-04-28 16:00:13'),
(572, 32, '2025-05-27 07:40:00', NULL, 44, NULL, 'v', NULL, '2025-04-28 16:00:13', '2025-04-28 16:00:13'),
(573, 32, '2025-05-27 08:20:00', NULL, 44, NULL, 'v', NULL, '2025-04-28 16:00:13', '2025-04-28 16:00:13'),
(574, 32, '2025-05-27 09:00:00', NULL, 44, NULL, 'v', NULL, '2025-04-28 16:00:13', '2025-04-28 16:00:13'),
(575, 32, '2025-05-27 09:40:00', NULL, 44, NULL, 'v', NULL, '2025-04-28 16:00:13', '2025-04-28 16:00:13'),
(576, 32, '2025-05-27 10:20:00', NULL, 44, NULL, 'v', NULL, '2025-04-28 16:00:13', '2025-04-28 16:00:13'),
(577, 32, '2025-05-27 11:00:00', NULL, 44, NULL, 'v', NULL, '2025-04-28 16:00:13', '2025-04-28 16:00:13'),
(578, 32, '2025-05-27 11:40:00', NULL, 44, NULL, 'v', NULL, '2025-04-28 16:00:13', '2025-04-28 16:00:13'),
(579, 32, '2025-05-27 12:20:00', NULL, 44, NULL, 'v', NULL, '2025-04-28 16:00:13', '2025-04-28 16:00:13'),
(580, 32, '2025-05-27 13:00:00', NULL, 44, NULL, 'v', NULL, '2025-04-28 16:00:13', '2025-04-28 16:00:13'),
(581, 32, '2025-04-07 13:15:00', 21, 44, 'A beteg állapota stabil, gyógyszeres terápia módosítása történt.', 'd', 4, '2025-04-28 16:00:13', '2025-04-28 16:00:13'),
(582, 34, '2025-04-28 07:00:00', NULL, 47, NULL, 'v', NULL, '2025-04-28 16:00:13', '2025-04-28 16:00:13'),
(583, 34, '2025-04-28 07:40:00', NULL, 47, NULL, 'v', NULL, '2025-04-28 16:00:13', '2025-04-28 16:00:13'),
(584, 34, '2025-04-28 08:20:00', NULL, 47, NULL, 'v', NULL, '2025-04-28 16:00:13', '2025-04-28 16:00:13'),
(585, 34, '2025-04-28 09:00:00', NULL, 47, NULL, 'v', NULL, '2025-04-28 16:00:13', '2025-04-28 16:00:13'),
(586, 34, '2025-04-28 09:40:00', NULL, 47, NULL, 'v', NULL, '2025-04-28 16:00:13', '2025-04-28 16:00:13'),
(587, 34, '2025-04-28 10:20:00', NULL, 47, NULL, 'v', NULL, '2025-04-28 16:00:13', '2025-04-28 16:00:13'),
(588, 34, '2025-04-28 11:00:00', NULL, 47, NULL, 'v', NULL, '2025-04-28 16:00:13', '2025-04-28 16:00:13'),
(589, 34, '2025-04-28 11:40:00', NULL, 47, NULL, 'v', NULL, '2025-04-28 16:00:13', '2025-04-28 16:00:13'),
(590, 34, '2025-04-28 12:20:00', NULL, 47, NULL, 'v', NULL, '2025-04-28 16:00:13', '2025-04-28 16:00:13'),
(591, 34, '2025-04-28 13:00:00', NULL, 47, NULL, 'v', NULL, '2025-04-28 16:00:13', '2025-04-28 16:00:13'),
(592, 34, '2025-04-29 13:00:00', NULL, 45, NULL, 'v', NULL, '2025-04-28 16:00:13', '2025-04-28 16:00:13'),
(593, 34, '2025-04-29 14:00:00', NULL, 45, NULL, 'v', NULL, '2025-04-28 16:00:13', '2025-04-28 16:00:13'),
(594, 34, '2025-04-29 15:00:00', NULL, 45, NULL, 'v', NULL, '2025-04-28 16:00:13', '2025-04-28 16:00:13'),
(595, 34, '2025-04-29 16:00:00', NULL, 45, NULL, 'v', NULL, '2025-04-28 16:00:13', '2025-04-28 16:00:13'),
(596, 34, '2025-04-29 17:00:00', NULL, 45, NULL, 'v', NULL, '2025-04-28 16:00:13', '2025-04-28 16:00:13'),
(597, 34, '2025-05-05 07:00:00', NULL, 44, NULL, 'v', NULL, '2025-04-28 16:00:13', '2025-04-28 16:00:13'),
(598, 34, '2025-05-05 07:40:00', NULL, 44, NULL, 'v', NULL, '2025-04-28 16:00:13', '2025-04-28 16:00:13'),
(599, 34, '2025-05-05 08:20:00', NULL, 44, NULL, 'v', NULL, '2025-04-28 16:00:13', '2025-04-28 16:00:13'),
(600, 34, '2025-05-05 09:00:00', NULL, 44, NULL, 'v', NULL, '2025-04-28 16:00:13', '2025-04-28 16:00:13'),
(601, 34, '2025-05-05 09:40:00', NULL, 44, NULL, 'v', NULL, '2025-04-28 16:00:13', '2025-04-28 16:00:13'),
(602, 34, '2025-05-05 10:20:00', NULL, 44, NULL, 'v', NULL, '2025-04-28 16:00:13', '2025-04-28 16:00:13'),
(603, 34, '2025-05-05 11:00:00', NULL, 44, NULL, 'v', NULL, '2025-04-28 16:00:13', '2025-04-28 16:00:13'),
(604, 34, '2025-05-05 11:40:00', NULL, 44, NULL, 'v', NULL, '2025-04-28 16:00:13', '2025-04-28 16:00:13'),
(605, 34, '2025-05-05 12:20:00', NULL, 44, NULL, 'v', NULL, '2025-04-28 16:00:13', '2025-04-28 16:00:13'),
(606, 34, '2025-05-05 13:00:00', NULL, 44, NULL, 'v', NULL, '2025-04-28 16:00:13', '2025-04-28 16:00:13'),
(607, 34, '2025-05-07 07:00:00', NULL, 43, NULL, 'v', NULL, '2025-04-28 16:00:13', '2025-04-28 16:00:13'),
(608, 34, '2025-05-07 07:50:00', NULL, 43, NULL, 'v', NULL, '2025-04-28 16:00:13', '2025-04-28 16:00:13'),
(609, 34, '2025-05-07 08:40:00', NULL, 43, NULL, 'v', NULL, '2025-04-28 16:00:13', '2025-04-28 16:00:13'),
(610, 34, '2025-05-07 09:30:00', NULL, 43, NULL, 'v', NULL, '2025-04-28 16:00:13', '2025-04-28 16:00:13'),
(611, 34, '2025-05-07 10:20:00', NULL, 43, NULL, 'v', NULL, '2025-04-28 16:00:13', '2025-04-28 16:00:13'),
(612, 34, '2025-05-07 11:10:00', NULL, 43, NULL, 'v', NULL, '2025-04-28 16:00:13', '2025-04-28 16:00:13'),
(613, 34, '2025-05-07 12:00:00', NULL, 43, NULL, 'v', NULL, '2025-04-28 16:00:13', '2025-04-28 16:00:13'),
(614, 34, '2025-05-07 12:50:00', NULL, 43, NULL, 'v', NULL, '2025-04-28 16:00:13', '2025-04-28 16:00:13'),
(615, 34, '2025-05-12 07:00:00', NULL, 45, NULL, 'v', NULL, '2025-04-28 16:00:13', '2025-04-28 16:00:13'),
(616, 34, '2025-05-12 08:00:00', NULL, 45, NULL, 'v', NULL, '2025-04-28 16:00:13', '2025-04-28 16:00:13'),
(617, 34, '2025-05-12 09:00:00', NULL, 45, NULL, 'v', NULL, '2025-04-28 16:00:13', '2025-04-28 16:00:13'),
(618, 34, '2025-05-12 10:00:00', NULL, 45, NULL, 'v', NULL, '2025-04-28 16:00:13', '2025-04-28 16:00:13'),
(619, 34, '2025-05-12 11:00:00', NULL, 45, NULL, 'v', NULL, '2025-04-28 16:00:13', '2025-04-28 16:00:13'),
(620, 34, '2025-05-12 12:00:00', NULL, 45, NULL, 'v', NULL, '2025-04-28 16:00:13', '2025-04-28 16:00:13'),
(621, 34, '2025-05-12 13:00:00', NULL, 45, NULL, 'v', NULL, '2025-04-28 16:00:13', '2025-04-28 16:00:13'),
(622, 34, '2025-05-13 07:00:00', NULL, 48, NULL, 'v', NULL, '2025-04-28 16:00:13', '2025-04-28 16:00:13'),
(623, 34, '2025-05-13 09:10:00', NULL, 48, NULL, 'v', NULL, '2025-04-28 16:00:13', '2025-04-28 16:00:13'),
(624, 34, '2025-05-13 11:20:00', NULL, 48, NULL, 'v', NULL, '2025-04-28 16:00:13', '2025-04-28 16:00:13'),
(625, 34, '2025-05-19 13:00:00', NULL, 47, NULL, 'v', NULL, '2025-04-28 16:00:13', '2025-04-28 16:00:13'),
(626, 34, '2025-05-19 13:40:00', NULL, 47, NULL, 'v', NULL, '2025-04-28 16:00:13', '2025-04-28 16:00:13'),
(627, 34, '2025-05-19 14:20:00', NULL, 47, NULL, 'v', NULL, '2025-04-28 16:00:13', '2025-04-28 16:00:13'),
(628, 34, '2025-05-19 15:00:00', NULL, 47, NULL, 'v', NULL, '2025-04-28 16:00:13', '2025-04-28 16:00:13'),
(629, 34, '2025-05-19 15:40:00', NULL, 47, NULL, 'v', NULL, '2025-04-28 16:00:13', '2025-04-28 16:00:13'),
(630, 34, '2025-05-19 16:20:00', NULL, 47, NULL, 'v', NULL, '2025-04-28 16:00:13', '2025-04-28 16:00:13'),
(631, 34, '2025-05-19 17:00:00', NULL, 47, NULL, 'v', NULL, '2025-04-28 16:00:13', '2025-04-28 16:00:13'),
(632, 34, '2025-05-20 13:00:00', NULL, 47, NULL, 'v', NULL, '2025-04-28 16:00:13', '2025-04-28 16:00:13'),
(633, 34, '2025-05-20 13:40:00', NULL, 47, NULL, 'v', NULL, '2025-04-28 16:00:13', '2025-04-28 16:00:13'),
(634, 34, '2025-05-20 14:20:00', NULL, 47, NULL, 'v', NULL, '2025-04-28 16:00:13', '2025-04-28 16:00:13'),
(635, 34, '2025-05-20 15:00:00', NULL, 47, NULL, 'v', NULL, '2025-04-28 16:00:13', '2025-04-28 16:00:13'),
(636, 34, '2025-05-20 15:40:00', NULL, 47, NULL, 'v', NULL, '2025-04-28 16:00:13', '2025-04-28 16:00:13'),
(637, 34, '2025-05-20 16:20:00', NULL, 47, NULL, 'v', NULL, '2025-04-28 16:00:13', '2025-04-28 16:00:13'),
(638, 34, '2025-05-20 17:00:00', NULL, 47, NULL, 'v', NULL, '2025-04-28 16:00:13', '2025-04-28 16:00:13'),
(639, 34, '2025-05-26 13:00:00', NULL, 44, NULL, 'v', NULL, '2025-04-28 16:00:13', '2025-04-28 16:00:13'),
(640, 34, '2025-05-26 13:40:00', NULL, 44, NULL, 'v', NULL, '2025-04-28 16:00:13', '2025-04-28 16:00:13'),
(641, 34, '2025-05-26 14:20:00', NULL, 44, NULL, 'v', NULL, '2025-04-28 16:00:13', '2025-04-28 16:00:13'),
(642, 34, '2025-05-26 15:00:00', NULL, 44, NULL, 'v', NULL, '2025-04-28 16:00:13', '2025-04-28 16:00:13'),
(643, 34, '2025-05-26 15:40:00', NULL, 44, NULL, 'v', NULL, '2025-04-28 16:00:13', '2025-04-28 16:00:13'),
(644, 34, '2025-05-26 16:20:00', NULL, 44, NULL, 'v', NULL, '2025-04-28 16:00:13', '2025-04-28 16:00:13'),
(645, 34, '2025-05-26 17:00:00', NULL, 44, NULL, 'v', NULL, '2025-04-28 16:00:13', '2025-04-28 16:00:13'),
(646, 34, '2025-05-27 07:00:00', NULL, 46, NULL, 'v', NULL, '2025-04-28 16:00:13', '2025-04-28 16:00:13'),
(647, 34, '2025-05-27 08:10:00', NULL, 46, NULL, 'v', NULL, '2025-04-28 16:00:13', '2025-04-28 16:00:13'),
(648, 34, '2025-05-27 09:20:00', NULL, 46, NULL, 'v', NULL, '2025-04-28 16:00:13', '2025-04-28 16:00:13'),
(649, 34, '2025-05-27 10:30:00', NULL, 46, NULL, 'v', NULL, '2025-04-28 16:00:13', '2025-04-28 16:00:13'),
(650, 34, '2025-05-27 11:40:00', NULL, 46, NULL, 'v', NULL, '2025-04-28 16:00:13', '2025-04-28 16:00:13'),
(651, 34, '2025-05-27 12:50:00', NULL, 46, NULL, 'v', NULL, '2025-04-28 16:00:13', '2025-04-28 16:00:13'),
(652, 34, '2025-04-26 14:23:00', 18, 44, 'Tünetei javultak, további kezelést nem igényel.', 'd', NULL, '2025-04-28 16:00:13', '2025-04-28 16:00:13'),
(653, 36, '2025-04-28 07:00:00', NULL, 27, NULL, 'v', NULL, '2025-04-28 16:00:13', '2025-04-28 16:00:13'),
(654, 36, '2025-04-28 08:10:00', NULL, 27, NULL, 'v', NULL, '2025-04-28 16:00:13', '2025-04-28 16:00:13'),
(655, 36, '2025-04-28 09:20:00', NULL, 27, NULL, 'v', NULL, '2025-04-28 16:00:13', '2025-04-28 16:00:13'),
(656, 36, '2025-04-28 10:30:00', NULL, 27, NULL, 'v', NULL, '2025-04-28 16:00:13', '2025-04-28 16:00:13'),
(657, 36, '2025-04-28 11:40:00', NULL, 27, NULL, 'v', NULL, '2025-04-28 16:00:13', '2025-04-28 16:00:13'),
(658, 36, '2025-04-28 12:50:00', NULL, 27, NULL, 'v', NULL, '2025-04-28 16:00:13', '2025-04-28 16:00:13'),
(659, 36, '2025-04-29 07:00:00', NULL, 27, NULL, 'v', NULL, '2025-04-28 16:00:13', '2025-04-28 16:00:13'),
(660, 36, '2025-04-29 08:10:00', NULL, 27, NULL, 'v', NULL, '2025-04-28 16:00:13', '2025-04-28 16:00:13'),
(661, 36, '2025-04-29 09:20:00', NULL, 27, NULL, 'v', NULL, '2025-04-28 16:00:13', '2025-04-28 16:00:13'),
(662, 36, '2025-04-29 10:30:00', NULL, 27, NULL, 'v', NULL, '2025-04-28 16:00:13', '2025-04-28 16:00:13'),
(663, 36, '2025-04-29 11:40:00', NULL, 27, NULL, 'v', NULL, '2025-04-28 16:00:13', '2025-04-28 16:00:13'),
(664, 36, '2025-04-29 12:50:00', NULL, 27, NULL, 'v', NULL, '2025-04-28 16:00:13', '2025-04-28 16:00:13'),
(665, 36, '2025-05-05 13:00:00', NULL, 30, NULL, 'v', NULL, '2025-04-28 16:00:13', '2025-04-28 16:00:13'),
(666, 36, '2025-05-05 14:00:00', NULL, 30, NULL, 'v', NULL, '2025-04-28 16:00:13', '2025-04-28 16:00:13'),
(667, 36, '2025-05-05 15:00:00', NULL, 30, NULL, 'v', NULL, '2025-04-28 16:00:13', '2025-04-28 16:00:13'),
(668, 36, '2025-05-05 16:00:00', NULL, 30, NULL, 'v', NULL, '2025-04-28 16:00:13', '2025-04-28 16:00:13'),
(669, 36, '2025-05-05 17:00:00', NULL, 30, NULL, 'v', NULL, '2025-04-28 16:00:13', '2025-04-28 16:00:13'),
(670, 36, '2025-05-06 13:00:00', NULL, 29, NULL, 'v', NULL, '2025-04-28 16:00:13', '2025-04-28 16:00:13'),
(671, 36, '2025-05-06 14:10:00', NULL, 29, NULL, 'v', NULL, '2025-04-28 16:00:13', '2025-04-28 16:00:13'),
(672, 36, '2025-05-06 15:20:00', NULL, 29, NULL, 'v', NULL, '2025-04-28 16:00:13', '2025-04-28 16:00:13'),
(673, 36, '2025-05-06 16:30:00', NULL, 29, NULL, 'v', NULL, '2025-04-28 16:00:13', '2025-04-28 16:00:13'),
(674, 36, '2025-05-12 13:00:00', NULL, 30, NULL, 'v', NULL, '2025-04-28 16:00:13', '2025-04-28 16:00:13'),
(675, 36, '2025-05-12 14:00:00', NULL, 30, NULL, 'v', NULL, '2025-04-28 16:00:13', '2025-04-28 16:00:13'),
(676, 36, '2025-05-12 15:00:00', NULL, 30, NULL, 'v', NULL, '2025-04-28 16:00:13', '2025-04-28 16:00:13'),
(677, 36, '2025-05-12 16:00:00', NULL, 30, NULL, 'v', NULL, '2025-04-28 16:00:13', '2025-04-28 16:00:13'),
(678, 36, '2025-05-12 17:00:00', NULL, 30, NULL, 'v', NULL, '2025-04-28 16:00:13', '2025-04-28 16:00:13'),
(679, 36, '2025-05-13 13:00:00', NULL, 29, NULL, 'v', NULL, '2025-04-28 16:00:13', '2025-04-28 16:00:13'),
(680, 36, '2025-05-13 14:10:00', NULL, 29, NULL, 'v', NULL, '2025-04-28 16:00:13', '2025-04-28 16:00:13'),
(681, 36, '2025-05-13 15:20:00', NULL, 29, NULL, 'v', NULL, '2025-04-28 16:00:13', '2025-04-28 16:00:13'),
(682, 36, '2025-05-13 16:30:00', NULL, 29, NULL, 'v', NULL, '2025-04-28 16:00:13', '2025-04-28 16:00:13'),
(683, 36, '2025-05-19 13:00:00', NULL, 28, NULL, 'v', NULL, '2025-04-28 16:00:13', '2025-04-28 16:00:13'),
(684, 36, '2025-05-19 13:50:00', NULL, 28, NULL, 'v', NULL, '2025-04-28 16:00:13', '2025-04-28 16:00:13'),
(685, 36, '2025-05-19 14:40:00', NULL, 28, NULL, 'v', NULL, '2025-04-28 16:00:13', '2025-04-28 16:00:13'),
(686, 36, '2025-05-19 15:30:00', NULL, 28, NULL, 'v', NULL, '2025-04-28 16:00:13', '2025-04-28 16:00:13'),
(687, 36, '2025-05-19 16:20:00', NULL, 28, NULL, 'v', NULL, '2025-04-28 16:00:13', '2025-04-28 16:00:13'),
(688, 36, '2025-05-19 17:10:00', NULL, 28, NULL, 'v', NULL, '2025-04-28 16:00:13', '2025-04-28 16:00:13'),
(689, 36, '2025-05-20 07:00:00', NULL, 27, NULL, 'v', NULL, '2025-04-28 16:00:13', '2025-04-28 16:00:13'),
(690, 36, '2025-05-20 08:10:00', NULL, 27, NULL, 'v', NULL, '2025-04-28 16:00:13', '2025-04-28 16:00:13'),
(691, 36, '2025-05-20 09:20:00', NULL, 27, NULL, 'v', NULL, '2025-04-28 16:00:13', '2025-04-28 16:00:13'),
(692, 36, '2025-05-20 10:30:00', NULL, 27, NULL, 'v', NULL, '2025-04-28 16:00:13', '2025-04-28 16:00:13'),
(693, 36, '2025-05-20 11:40:00', NULL, 27, NULL, 'v', NULL, '2025-04-28 16:00:13', '2025-04-28 16:00:13'),
(694, 36, '2025-05-20 12:50:00', NULL, 27, NULL, 'v', NULL, '2025-04-28 16:00:13', '2025-04-28 16:00:13'),
(695, 36, '2025-05-26 13:00:00', NULL, 28, NULL, 'v', NULL, '2025-04-28 16:00:13', '2025-04-28 16:00:13'),
(696, 36, '2025-05-26 13:50:00', NULL, 28, NULL, 'v', NULL, '2025-04-28 16:00:13', '2025-04-28 16:00:13'),
(697, 36, '2025-05-26 14:40:00', NULL, 28, NULL, 'v', NULL, '2025-04-28 16:00:13', '2025-04-28 16:00:13'),
(698, 36, '2025-05-26 15:30:00', NULL, 28, NULL, 'v', NULL, '2025-04-28 16:00:13', '2025-04-28 16:00:13'),
(699, 36, '2025-05-26 16:20:00', NULL, 28, NULL, 'v', NULL, '2025-04-28 16:00:13', '2025-04-28 16:00:13'),
(700, 36, '2025-05-26 17:10:00', NULL, 28, NULL, 'v', NULL, '2025-04-28 16:00:13', '2025-04-28 16:00:13'),
(701, 36, '2025-05-27 13:00:00', NULL, 26, NULL, 'v', NULL, '2025-04-28 16:00:13', '2025-04-28 16:00:13'),
(702, 36, '2025-05-27 14:00:00', NULL, 26, NULL, 'v', NULL, '2025-04-28 16:00:13', '2025-04-28 16:00:13'),
(703, 36, '2025-05-27 15:00:00', NULL, 26, NULL, 'v', NULL, '2025-04-28 16:00:13', '2025-04-28 16:00:13'),
(704, 36, '2025-05-27 16:00:00', NULL, 26, NULL, 'v', NULL, '2025-04-28 16:00:13', '2025-04-28 16:00:13'),
(705, 36, '2025-05-27 17:00:00', NULL, 26, NULL, 'v', NULL, '2025-04-28 16:00:13', '2025-04-28 16:00:13'),
(706, 36, '2025-04-19 15:31:00', 35, 30, 'A diagnózis megerősítést nyert, a kezelés folytatása szükséges.', 'd', NULL, '2025-04-28 16:00:13', '2025-04-28 16:00:13'),
(707, 37, '2025-04-29 13:00:00', NULL, 68, NULL, 'v', NULL, '2025-04-28 16:00:13', '2025-04-28 16:00:13'),
(708, 37, '2025-04-29 13:30:00', NULL, 68, NULL, 'v', NULL, '2025-04-28 16:00:13', '2025-04-28 16:00:13'),
(709, 37, '2025-04-29 14:00:00', NULL, 68, NULL, 'v', NULL, '2025-04-28 16:00:13', '2025-04-28 16:00:13'),
(710, 37, '2025-04-29 14:30:00', NULL, 68, NULL, 'v', NULL, '2025-04-28 16:00:13', '2025-04-28 16:00:13'),
(711, 37, '2025-04-29 15:00:00', NULL, 68, NULL, 'v', NULL, '2025-04-28 16:00:13', '2025-04-28 16:00:13'),
(712, 37, '2025-04-29 15:30:00', NULL, 68, NULL, 'v', NULL, '2025-04-28 16:00:13', '2025-04-28 16:00:13'),
(713, 37, '2025-04-29 16:00:00', NULL, 68, NULL, 'v', NULL, '2025-04-28 16:00:13', '2025-04-28 16:00:13'),
(714, 37, '2025-04-29 16:30:00', NULL, 68, NULL, 'v', NULL, '2025-04-28 16:00:13', '2025-04-28 16:00:13'),
(715, 37, '2025-04-29 17:00:00', NULL, 68, NULL, 'v', NULL, '2025-04-28 16:00:13', '2025-04-28 16:00:13'),
(716, 37, '2025-04-29 17:30:00', NULL, 68, NULL, 'v', NULL, '2025-04-28 16:00:13', '2025-04-28 16:00:13'),
(717, 37, '2025-04-30 13:00:00', NULL, 70, NULL, 'v', NULL, '2025-04-28 16:00:13', '2025-04-28 16:00:13'),
(718, 37, '2025-04-30 13:40:00', NULL, 70, NULL, 'v', NULL, '2025-04-28 16:00:13', '2025-04-28 16:00:13'),
(719, 37, '2025-04-30 14:20:00', NULL, 70, NULL, 'v', NULL, '2025-04-28 16:00:13', '2025-04-28 16:00:13'),
(720, 37, '2025-04-30 15:00:00', NULL, 70, NULL, 'v', NULL, '2025-04-28 16:00:13', '2025-04-28 16:00:13'),
(721, 37, '2025-04-30 15:40:00', NULL, 70, NULL, 'v', NULL, '2025-04-28 16:00:13', '2025-04-28 16:00:13'),
(722, 37, '2025-04-30 16:20:00', NULL, 70, NULL, 'v', NULL, '2025-04-28 16:00:13', '2025-04-28 16:00:13'),
(723, 37, '2025-04-30 17:00:00', NULL, 70, NULL, 'v', NULL, '2025-04-28 16:00:13', '2025-04-28 16:00:13'),
(724, 37, '2025-05-05 13:00:00', NULL, 68, NULL, 'v', NULL, '2025-04-28 16:00:13', '2025-04-28 16:00:13'),
(725, 37, '2025-05-05 13:30:00', NULL, 68, NULL, 'v', NULL, '2025-04-28 16:00:13', '2025-04-28 16:00:13'),
(726, 37, '2025-05-05 14:00:00', NULL, 68, NULL, 'v', NULL, '2025-04-28 16:00:13', '2025-04-28 16:00:13'),
(727, 37, '2025-05-05 14:30:00', NULL, 68, NULL, 'v', NULL, '2025-04-28 16:00:13', '2025-04-28 16:00:13'),
(728, 37, '2025-05-05 15:00:00', NULL, 68, NULL, 'v', NULL, '2025-04-28 16:00:13', '2025-04-28 16:00:13'),
(729, 37, '2025-05-05 15:30:00', NULL, 68, NULL, 'v', NULL, '2025-04-28 16:00:13', '2025-04-28 16:00:13'),
(730, 37, '2025-05-05 16:00:00', NULL, 68, NULL, 'v', NULL, '2025-04-28 16:00:13', '2025-04-28 16:00:13'),
(731, 37, '2025-05-05 16:30:00', NULL, 68, NULL, 'v', NULL, '2025-04-28 16:00:13', '2025-04-28 16:00:13'),
(732, 37, '2025-05-05 17:00:00', NULL, 68, NULL, 'v', NULL, '2025-04-28 16:00:13', '2025-04-28 16:00:13'),
(733, 37, '2025-05-05 17:30:00', NULL, 68, NULL, 'v', NULL, '2025-04-28 16:00:13', '2025-04-28 16:00:13'),
(734, 37, '2025-05-06 07:00:00', NULL, 69, NULL, 'v', NULL, '2025-04-28 16:00:13', '2025-04-28 16:00:13'),
(735, 37, '2025-05-06 08:00:00', NULL, 69, NULL, 'v', NULL, '2025-04-28 16:00:13', '2025-04-28 16:00:13'),
(736, 37, '2025-05-06 09:00:00', NULL, 69, NULL, 'v', NULL, '2025-04-28 16:00:13', '2025-04-28 16:00:13'),
(737, 37, '2025-05-06 10:00:00', NULL, 69, NULL, 'v', NULL, '2025-04-28 16:00:13', '2025-04-28 16:00:13'),
(738, 37, '2025-05-06 11:00:00', NULL, 69, NULL, 'v', NULL, '2025-04-28 16:00:13', '2025-04-28 16:00:13'),
(739, 37, '2025-05-06 12:00:00', NULL, 69, NULL, 'v', NULL, '2025-04-28 16:00:13', '2025-04-28 16:00:13'),
(740, 37, '2025-05-06 13:00:00', NULL, 69, NULL, 'v', NULL, '2025-04-28 16:00:13', '2025-04-28 16:00:13'),
(741, 37, '2025-05-12 07:00:00', NULL, 69, NULL, 'v', NULL, '2025-04-28 16:00:13', '2025-04-28 16:00:13'),
(742, 37, '2025-05-12 08:00:00', NULL, 69, NULL, 'v', NULL, '2025-04-28 16:00:13', '2025-04-28 16:00:13'),
(743, 37, '2025-05-12 09:00:00', NULL, 69, NULL, 'v', NULL, '2025-04-28 16:00:13', '2025-04-28 16:00:13'),
(744, 37, '2025-05-12 10:00:00', NULL, 69, NULL, 'v', NULL, '2025-04-28 16:00:13', '2025-04-28 16:00:13'),
(745, 37, '2025-05-12 11:00:00', NULL, 69, NULL, 'v', NULL, '2025-04-28 16:00:13', '2025-04-28 16:00:13'),
(746, 37, '2025-05-12 12:00:00', NULL, 69, NULL, 'v', NULL, '2025-04-28 16:00:13', '2025-04-28 16:00:13'),
(747, 37, '2025-05-12 13:00:00', NULL, 69, NULL, 'v', NULL, '2025-04-28 16:00:13', '2025-04-28 16:00:13'),
(748, 37, '2025-05-13 07:00:00', NULL, 72, NULL, 'v', NULL, '2025-04-28 16:00:13', '2025-04-28 16:00:13'),
(749, 37, '2025-05-13 07:55:00', NULL, 72, NULL, 'v', NULL, '2025-04-28 16:00:13', '2025-04-28 16:00:13'),
(750, 37, '2025-05-13 08:50:00', NULL, 72, NULL, 'v', NULL, '2025-04-28 16:00:13', '2025-04-28 16:00:13'),
(751, 37, '2025-05-13 09:45:00', NULL, 72, NULL, 'v', NULL, '2025-04-28 16:00:13', '2025-04-28 16:00:13'),
(752, 37, '2025-05-13 10:40:00', NULL, 72, NULL, 'v', NULL, '2025-04-28 16:00:13', '2025-04-28 16:00:13'),
(753, 37, '2025-05-13 11:35:00', NULL, 72, NULL, 'v', NULL, '2025-04-28 16:00:13', '2025-04-28 16:00:13'),
(754, 37, '2025-05-13 12:30:00', NULL, 72, NULL, 'v', NULL, '2025-04-28 16:00:13', '2025-04-28 16:00:13'),
(755, 37, '2025-05-19 07:00:00', NULL, 67, NULL, 'v', NULL, '2025-04-28 16:00:13', '2025-04-28 16:00:13'),
(756, 37, '2025-05-19 07:50:00', NULL, 67, NULL, 'v', NULL, '2025-04-28 16:00:13', '2025-04-28 16:00:13'),
(757, 37, '2025-05-19 08:40:00', NULL, 67, NULL, 'v', NULL, '2025-04-28 16:00:13', '2025-04-28 16:00:13'),
(758, 37, '2025-05-19 09:30:00', NULL, 67, NULL, 'v', NULL, '2025-04-28 16:00:13', '2025-04-28 16:00:13'),
(759, 37, '2025-05-19 10:20:00', NULL, 67, NULL, 'v', NULL, '2025-04-28 16:00:13', '2025-04-28 16:00:13'),
(760, 37, '2025-05-19 11:10:00', NULL, 67, NULL, 'v', NULL, '2025-04-28 16:00:13', '2025-04-28 16:00:13'),
(761, 37, '2025-05-19 12:00:00', NULL, 67, NULL, 'v', NULL, '2025-04-28 16:00:13', '2025-04-28 16:00:13'),
(762, 37, '2025-05-19 12:50:00', NULL, 67, NULL, 'v', NULL, '2025-04-28 16:00:13', '2025-04-28 16:00:13'),
(763, 37, '2025-05-20 13:00:00', NULL, 68, NULL, 'v', NULL, '2025-04-28 16:00:13', '2025-04-28 16:00:13'),
(764, 37, '2025-05-20 13:30:00', NULL, 68, NULL, 'v', NULL, '2025-04-28 16:00:13', '2025-04-28 16:00:13'),
(765, 37, '2025-05-20 14:00:00', NULL, 68, NULL, 'v', NULL, '2025-04-28 16:00:13', '2025-04-28 16:00:13'),
(766, 37, '2025-05-20 14:30:00', NULL, 68, NULL, 'v', NULL, '2025-04-28 16:00:13', '2025-04-28 16:00:13'),
(767, 37, '2025-05-20 15:00:00', NULL, 68, NULL, 'v', NULL, '2025-04-28 16:00:13', '2025-04-28 16:00:13'),
(768, 37, '2025-05-20 15:30:00', NULL, 68, NULL, 'v', NULL, '2025-04-28 16:00:13', '2025-04-28 16:00:13'),
(769, 37, '2025-05-20 16:00:00', NULL, 68, NULL, 'v', NULL, '2025-04-28 16:00:13', '2025-04-28 16:00:13'),
(770, 37, '2025-05-20 16:30:00', NULL, 68, NULL, 'v', NULL, '2025-04-28 16:00:13', '2025-04-28 16:00:13'),
(771, 37, '2025-05-20 17:00:00', NULL, 68, NULL, 'v', NULL, '2025-04-28 16:00:13', '2025-04-28 16:00:13'),
(772, 37, '2025-05-20 17:30:00', NULL, 68, NULL, 'v', NULL, '2025-04-28 16:00:13', '2025-04-28 16:00:13'),
(773, 37, '2025-05-26 13:00:00', NULL, 72, NULL, 'v', NULL, '2025-04-28 16:00:13', '2025-04-28 16:00:13'),
(774, 37, '2025-05-26 13:55:00', NULL, 72, NULL, 'v', NULL, '2025-04-28 16:00:13', '2025-04-28 16:00:13'),
(775, 37, '2025-05-26 14:50:00', NULL, 72, NULL, 'v', NULL, '2025-04-28 16:00:13', '2025-04-28 16:00:13'),
(776, 37, '2025-05-26 15:45:00', NULL, 72, NULL, 'v', NULL, '2025-04-28 16:00:13', '2025-04-28 16:00:13'),
(777, 37, '2025-05-26 16:40:00', NULL, 72, NULL, 'v', NULL, '2025-04-28 16:00:13', '2025-04-28 16:00:13'),
(778, 37, '2025-05-27 13:00:00', NULL, 70, NULL, 'v', NULL, '2025-04-28 16:00:13', '2025-04-28 16:00:13'),
(779, 37, '2025-05-27 13:40:00', NULL, 70, NULL, 'v', NULL, '2025-04-28 16:00:13', '2025-04-28 16:00:13'),
(780, 37, '2025-05-27 14:20:00', NULL, 70, NULL, 'v', NULL, '2025-04-28 16:00:13', '2025-04-28 16:00:13'),
(781, 37, '2025-05-27 15:00:00', NULL, 70, NULL, 'v', NULL, '2025-04-28 16:00:13', '2025-04-28 16:00:13'),
(782, 37, '2025-05-27 15:40:00', NULL, 70, NULL, 'v', NULL, '2025-04-28 16:00:13', '2025-04-28 16:00:13'),
(783, 37, '2025-05-27 16:20:00', NULL, 70, NULL, 'v', NULL, '2025-04-28 16:00:13', '2025-04-28 16:00:13'),
(784, 37, '2025-05-27 17:00:00', NULL, 70, NULL, 'v', NULL, '2025-04-28 16:00:13', '2025-04-28 16:00:13'),
(785, 37, '2025-04-07 11:21:00', 22, 68, 'Állapotfelmérés alapján rehabilitációs program indítása javasolt.', 'd', 3, '2025-04-28 16:00:13', '2025-04-28 16:00:13'),
(786, 39, '2025-04-28 13:00:00', NULL, 33, NULL, 'v', NULL, '2025-04-28 16:00:13', '2025-04-28 16:00:13'),
(787, 39, '2025-04-28 14:10:00', NULL, 33, NULL, 'v', NULL, '2025-04-28 16:00:13', '2025-04-28 16:00:13'),
(788, 39, '2025-04-28 15:20:00', NULL, 33, NULL, 'v', NULL, '2025-04-28 16:00:13', '2025-04-28 16:00:13'),
(789, 39, '2025-04-28 16:30:00', NULL, 33, NULL, 'v', NULL, '2025-04-28 16:00:13', '2025-04-28 16:00:13'),
(790, 39, '2025-04-29 13:00:00', NULL, 36, NULL, 'v', NULL, '2025-04-28 16:00:13', '2025-04-28 16:00:13'),
(791, 39, '2025-04-29 14:40:00', NULL, 36, NULL, 'v', NULL, '2025-04-28 16:00:13', '2025-04-28 16:00:13'),
(792, 39, '2025-04-29 16:20:00', NULL, 36, NULL, 'v', NULL, '2025-04-28 16:00:13', '2025-04-28 16:00:13'),
(793, 39, '2025-05-05 07:00:00', NULL, 35, NULL, 'v', NULL, '2025-04-28 16:00:13', '2025-04-28 16:00:13'),
(794, 39, '2025-05-05 09:10:00', NULL, 35, NULL, 'v', NULL, '2025-04-28 16:00:13', '2025-04-28 16:00:13'),
(795, 39, '2025-05-05 11:20:00', NULL, 35, NULL, 'v', NULL, '2025-04-28 16:00:13', '2025-04-28 16:00:13'),
(796, 39, '2025-05-06 07:00:00', NULL, 32, NULL, 'v', NULL, '2025-04-28 16:00:13', '2025-04-28 16:00:13'),
(797, 39, '2025-05-06 08:10:00', NULL, 32, NULL, 'v', NULL, '2025-04-28 16:00:13', '2025-04-28 16:00:13'),
(798, 39, '2025-05-06 09:20:00', NULL, 32, NULL, 'v', NULL, '2025-04-28 16:00:13', '2025-04-28 16:00:13'),
(799, 39, '2025-05-06 10:30:00', NULL, 32, NULL, 'v', NULL, '2025-04-28 16:00:13', '2025-04-28 16:00:13'),
(800, 39, '2025-05-06 11:40:00', NULL, 32, NULL, 'v', NULL, '2025-04-28 16:00:13', '2025-04-28 16:00:13'),
(801, 39, '2025-05-06 12:50:00', NULL, 32, NULL, 'v', NULL, '2025-04-28 16:00:13', '2025-04-28 16:00:13'),
(802, 39, '2025-05-12 07:00:00', NULL, 34, NULL, 'v', NULL, '2025-04-28 16:00:13', '2025-04-28 16:00:13'),
(803, 39, '2025-05-12 08:00:00', NULL, 34, NULL, 'v', NULL, '2025-04-28 16:00:13', '2025-04-28 16:00:13'),
(804, 39, '2025-05-12 09:00:00', NULL, 34, NULL, 'v', NULL, '2025-04-28 16:00:13', '2025-04-28 16:00:13'),
(805, 39, '2025-05-12 10:00:00', NULL, 34, NULL, 'v', NULL, '2025-04-28 16:00:13', '2025-04-28 16:00:13'),
(806, 39, '2025-05-12 11:00:00', NULL, 34, NULL, 'v', NULL, '2025-04-28 16:00:13', '2025-04-28 16:00:13'),
(807, 39, '2025-05-12 12:00:00', NULL, 34, NULL, 'v', NULL, '2025-04-28 16:00:13', '2025-04-28 16:00:13'),
(808, 39, '2025-05-12 13:00:00', NULL, 34, NULL, 'v', NULL, '2025-04-28 16:00:13', '2025-04-28 16:00:13'),
(809, 39, '2025-05-13 13:00:00', NULL, 33, NULL, 'v', NULL, '2025-04-28 16:00:13', '2025-04-28 16:00:13'),
(810, 39, '2025-05-13 14:10:00', NULL, 33, NULL, 'v', NULL, '2025-04-28 16:00:13', '2025-04-28 16:00:13'),
(811, 39, '2025-05-13 15:20:00', NULL, 33, NULL, 'v', NULL, '2025-04-28 16:00:13', '2025-04-28 16:00:13'),
(812, 39, '2025-05-13 16:30:00', NULL, 33, NULL, 'v', NULL, '2025-04-28 16:00:13', '2025-04-28 16:00:13'),
(813, 39, '2025-05-19 07:00:00', NULL, 34, NULL, 'v', NULL, '2025-04-28 16:00:13', '2025-04-28 16:00:13'),
(814, 39, '2025-05-19 08:00:00', NULL, 34, NULL, 'v', NULL, '2025-04-28 16:00:13', '2025-04-28 16:00:13'),
(815, 39, '2025-05-19 09:00:00', NULL, 34, NULL, 'v', NULL, '2025-04-28 16:00:13', '2025-04-28 16:00:13'),
(816, 39, '2025-05-19 10:00:00', NULL, 34, NULL, 'v', NULL, '2025-04-28 16:00:13', '2025-04-28 16:00:13'),
(817, 39, '2025-05-19 11:00:00', NULL, 34, NULL, 'v', NULL, '2025-04-28 16:00:13', '2025-04-28 16:00:13'),
(818, 39, '2025-05-19 12:00:00', NULL, 34, NULL, 'v', NULL, '2025-04-28 16:00:13', '2025-04-28 16:00:13'),
(819, 39, '2025-05-19 13:00:00', NULL, 34, NULL, 'v', NULL, '2025-04-28 16:00:13', '2025-04-28 16:00:13'),
(820, 39, '2025-05-20 13:00:00', NULL, 33, NULL, 'v', NULL, '2025-04-28 16:00:13', '2025-04-28 16:00:13'),
(821, 39, '2025-05-20 14:10:00', NULL, 33, NULL, 'v', NULL, '2025-04-28 16:00:13', '2025-04-28 16:00:13'),
(822, 39, '2025-05-20 15:20:00', NULL, 33, NULL, 'v', NULL, '2025-04-28 16:00:13', '2025-04-28 16:00:13'),
(823, 39, '2025-05-20 16:30:00', NULL, 33, NULL, 'v', NULL, '2025-04-28 16:00:13', '2025-04-28 16:00:13'),
(824, 39, '2025-05-26 07:00:00', NULL, 36, NULL, 'v', NULL, '2025-04-28 16:00:13', '2025-04-28 16:00:13'),
(825, 39, '2025-05-26 08:40:00', NULL, 36, NULL, 'v', NULL, '2025-04-28 16:00:13', '2025-04-28 16:00:13'),
(826, 39, '2025-05-26 10:20:00', NULL, 36, NULL, 'v', NULL, '2025-04-28 16:00:13', '2025-04-28 16:00:13'),
(827, 39, '2025-05-26 12:00:00', NULL, 36, NULL, 'v', NULL, '2025-04-28 16:00:13', '2025-04-28 16:00:13'),
(828, 39, '2025-05-27 07:00:00', NULL, 32, NULL, 'v', NULL, '2025-04-28 16:00:13', '2025-04-28 16:00:13'),
(829, 39, '2025-05-27 08:10:00', NULL, 32, NULL, 'v', NULL, '2025-04-28 16:00:13', '2025-04-28 16:00:13'),
(830, 39, '2025-05-27 09:20:00', NULL, 32, NULL, 'v', NULL, '2025-04-28 16:00:13', '2025-04-28 16:00:13'),
(831, 39, '2025-05-27 10:30:00', NULL, 32, NULL, 'v', NULL, '2025-04-28 16:00:13', '2025-04-28 16:00:13'),
(832, 39, '2025-05-27 11:40:00', NULL, 32, NULL, 'v', NULL, '2025-04-28 16:00:13', '2025-04-28 16:00:13'),
(833, 39, '2025-05-27 12:50:00', NULL, 32, NULL, 'v', NULL, '2025-04-28 16:00:13', '2025-04-28 16:00:13'),
(834, 39, '2025-04-07 13:53:00', 33, 33, 'A beteg panaszai jelentősen mérséklődtek, kontroll 3 hónap múlva.', 'd', NULL, '2025-04-28 16:00:13', '2025-04-28 16:00:13'),
(835, 41, '2025-04-29 13:00:00', NULL, 2, NULL, 'v', NULL, '2025-04-28 16:00:13', '2025-04-28 16:00:13'),
(836, 41, '2025-04-29 13:55:00', NULL, 2, NULL, 'v', NULL, '2025-04-28 16:00:13', '2025-04-28 16:00:13'),
(837, 41, '2025-04-29 14:50:00', NULL, 2, NULL, 'v', NULL, '2025-04-28 16:00:13', '2025-04-28 16:00:13'),
(838, 41, '2025-04-29 15:45:00', NULL, 2, NULL, 'v', NULL, '2025-04-28 16:00:13', '2025-04-28 16:00:13'),
(839, 41, '2025-04-29 16:40:00', NULL, 2, NULL, 'v', NULL, '2025-04-28 16:00:13', '2025-04-28 16:00:13'),
(840, 41, '2025-04-30 13:00:00', NULL, 6, NULL, 'v', NULL, '2025-04-28 16:00:13', '2025-04-28 16:00:13'),
(841, 41, '2025-04-30 14:00:00', NULL, 6, NULL, 'v', NULL, '2025-04-28 16:00:13', '2025-04-28 16:00:13'),
(842, 41, '2025-04-30 15:00:00', NULL, 6, NULL, 'v', NULL, '2025-04-28 16:00:13', '2025-04-28 16:00:13'),
(843, 41, '2025-04-30 16:00:00', NULL, 6, NULL, 'v', NULL, '2025-04-28 16:00:13', '2025-04-28 16:00:13'),
(844, 41, '2025-04-30 17:00:00', NULL, 6, NULL, 'v', NULL, '2025-04-28 16:00:13', '2025-04-28 16:00:13'),
(845, 41, '2025-05-05 07:00:00', NULL, 4, NULL, 'v', NULL, '2025-04-28 16:00:13', '2025-04-28 16:00:13'),
(846, 41, '2025-05-05 07:40:00', NULL, 4, NULL, 'v', NULL, '2025-04-28 16:00:13', '2025-04-28 16:00:13'),
(847, 41, '2025-05-05 08:20:00', NULL, 4, NULL, 'v', NULL, '2025-04-28 16:00:13', '2025-04-28 16:00:13'),
(848, 41, '2025-05-05 09:00:00', NULL, 4, NULL, 'v', NULL, '2025-04-28 16:00:13', '2025-04-28 16:00:13'),
(849, 41, '2025-05-05 09:40:00', NULL, 4, NULL, 'v', NULL, '2025-04-28 16:00:13', '2025-04-28 16:00:13'),
(850, 41, '2025-05-05 10:20:00', NULL, 4, NULL, 'v', NULL, '2025-04-28 16:00:13', '2025-04-28 16:00:13'),
(851, 41, '2025-05-05 11:00:00', NULL, 4, NULL, 'v', NULL, '2025-04-28 16:00:13', '2025-04-28 16:00:13'),
(852, 41, '2025-05-05 11:40:00', NULL, 4, NULL, 'v', NULL, '2025-04-28 16:00:13', '2025-04-28 16:00:13'),
(853, 41, '2025-05-05 12:20:00', NULL, 4, NULL, 'v', NULL, '2025-04-28 16:00:13', '2025-04-28 16:00:13'),
(854, 41, '2025-05-05 13:00:00', NULL, 4, NULL, 'v', NULL, '2025-04-28 16:00:13', '2025-04-28 16:00:13'),
(855, 41, '2025-05-06 07:00:00', NULL, 2, NULL, 'v', NULL, '2025-04-28 16:00:13', '2025-04-28 16:00:13'),
(856, 41, '2025-05-06 07:55:00', NULL, 2, NULL, 'v', NULL, '2025-04-28 16:00:13', '2025-04-28 16:00:13'),
(857, 41, '2025-05-06 08:50:00', NULL, 2, NULL, 'v', NULL, '2025-04-28 16:00:13', '2025-04-28 16:00:13'),
(858, 41, '2025-05-06 09:45:00', NULL, 2, NULL, 'v', NULL, '2025-04-28 16:00:13', '2025-04-28 16:00:13'),
(859, 41, '2025-05-06 10:40:00', NULL, 2, NULL, 'v', NULL, '2025-04-28 16:00:13', '2025-04-28 16:00:13'),
(860, 41, '2025-05-06 11:35:00', NULL, 2, NULL, 'v', NULL, '2025-04-28 16:00:13', '2025-04-28 16:00:13'),
(861, 41, '2025-05-06 12:30:00', NULL, 2, NULL, 'v', NULL, '2025-04-28 16:00:13', '2025-04-28 16:00:13'),
(862, 41, '2025-05-12 07:00:00', NULL, 3, NULL, 'v', NULL, '2025-04-28 16:00:13', '2025-04-28 16:00:13'),
(863, 41, '2025-05-12 07:50:00', NULL, 3, NULL, 'v', NULL, '2025-04-28 16:00:13', '2025-04-28 16:00:13'),
(864, 41, '2025-05-12 08:40:00', NULL, 3, NULL, 'v', NULL, '2025-04-28 16:00:13', '2025-04-28 16:00:13'),
(865, 41, '2025-05-12 09:30:00', NULL, 3, NULL, 'v', NULL, '2025-04-28 16:00:13', '2025-04-28 16:00:13'),
(866, 41, '2025-05-12 10:20:00', NULL, 3, NULL, 'v', NULL, '2025-04-28 16:00:13', '2025-04-28 16:00:13'),
(867, 41, '2025-05-12 11:10:00', NULL, 3, NULL, 'v', NULL, '2025-04-28 16:00:13', '2025-04-28 16:00:13'),
(868, 41, '2025-05-12 12:00:00', NULL, 3, NULL, 'v', NULL, '2025-04-28 16:00:13', '2025-04-28 16:00:13'),
(869, 41, '2025-05-12 12:50:00', NULL, 3, NULL, 'v', NULL, '2025-04-28 16:00:13', '2025-04-28 16:00:13'),
(870, 41, '2025-05-13 13:00:00', NULL, 1, NULL, 'v', NULL, '2025-04-28 16:00:13', '2025-04-28 16:00:13'),
(871, 41, '2025-05-13 13:40:00', NULL, 1, NULL, 'v', NULL, '2025-04-28 16:00:13', '2025-04-28 16:00:13'),
(872, 41, '2025-05-13 14:20:00', NULL, 1, NULL, 'v', NULL, '2025-04-28 16:00:13', '2025-04-28 16:00:13'),
(873, 41, '2025-05-13 15:00:00', NULL, 1, NULL, 'v', NULL, '2025-04-28 16:00:13', '2025-04-28 16:00:13'),
(874, 41, '2025-05-13 15:40:00', NULL, 1, NULL, 'v', NULL, '2025-04-28 16:00:13', '2025-04-28 16:00:13'),
(875, 41, '2025-05-13 16:20:00', NULL, 1, NULL, 'v', NULL, '2025-04-28 16:00:13', '2025-04-28 16:00:13'),
(876, 41, '2025-05-13 17:00:00', NULL, 1, NULL, 'v', NULL, '2025-04-28 16:00:13', '2025-04-28 16:00:13'),
(877, 41, '2025-05-19 07:00:00', NULL, 3, NULL, 'v', NULL, '2025-04-28 16:00:13', '2025-04-28 16:00:13'),
(878, 41, '2025-05-19 07:50:00', NULL, 3, NULL, 'v', NULL, '2025-04-28 16:00:13', '2025-04-28 16:00:13'),
(879, 41, '2025-05-19 08:40:00', NULL, 3, NULL, 'v', NULL, '2025-04-28 16:00:13', '2025-04-28 16:00:13'),
(880, 41, '2025-05-19 09:30:00', NULL, 3, NULL, 'v', NULL, '2025-04-28 16:00:13', '2025-04-28 16:00:13'),
(881, 41, '2025-05-19 10:20:00', NULL, 3, NULL, 'v', NULL, '2025-04-28 16:00:13', '2025-04-28 16:00:13'),
(882, 41, '2025-05-19 11:10:00', NULL, 3, NULL, 'v', NULL, '2025-04-28 16:00:13', '2025-04-28 16:00:13'),
(883, 41, '2025-05-19 12:00:00', NULL, 3, NULL, 'v', NULL, '2025-04-28 16:00:13', '2025-04-28 16:00:13'),
(884, 41, '2025-05-19 12:50:00', NULL, 3, NULL, 'v', NULL, '2025-04-28 16:00:13', '2025-04-28 16:00:13'),
(885, 41, '2025-05-20 13:00:00', NULL, 4, NULL, 'v', NULL, '2025-04-28 16:00:13', '2025-04-28 16:00:13'),
(886, 41, '2025-05-20 13:40:00', NULL, 4, NULL, 'v', NULL, '2025-04-28 16:00:13', '2025-04-28 16:00:13'),
(887, 41, '2025-05-20 14:20:00', NULL, 4, NULL, 'v', NULL, '2025-04-28 16:00:13', '2025-04-28 16:00:13'),
(888, 41, '2025-05-20 15:00:00', NULL, 4, NULL, 'v', NULL, '2025-04-28 16:00:13', '2025-04-28 16:00:13'),
(889, 41, '2025-05-20 15:40:00', NULL, 4, NULL, 'v', NULL, '2025-04-28 16:00:13', '2025-04-28 16:00:13'),
(890, 41, '2025-05-20 16:20:00', NULL, 4, NULL, 'v', NULL, '2025-04-28 16:00:13', '2025-04-28 16:00:13'),
(891, 41, '2025-05-20 17:00:00', NULL, 4, NULL, 'v', NULL, '2025-04-28 16:00:13', '2025-04-28 16:00:13'),
(892, 41, '2025-05-26 13:00:00', NULL, 1, NULL, 'v', NULL, '2025-04-28 16:00:13', '2025-04-28 16:00:13'),
(893, 41, '2025-05-26 13:40:00', NULL, 1, NULL, 'v', NULL, '2025-04-28 16:00:13', '2025-04-28 16:00:13'),
(894, 41, '2025-05-26 14:20:00', NULL, 1, NULL, 'v', NULL, '2025-04-28 16:00:13', '2025-04-28 16:00:13'),
(895, 41, '2025-05-26 15:00:00', NULL, 1, NULL, 'v', NULL, '2025-04-28 16:00:13', '2025-04-28 16:00:13'),
(896, 41, '2025-05-26 15:40:00', NULL, 1, NULL, 'v', NULL, '2025-04-28 16:00:13', '2025-04-28 16:00:13'),
(897, 41, '2025-05-26 16:20:00', NULL, 1, NULL, 'v', NULL, '2025-04-28 16:00:13', '2025-04-28 16:00:13'),
(898, 41, '2025-05-26 17:00:00', NULL, 1, NULL, 'v', NULL, '2025-04-28 16:00:13', '2025-04-28 16:00:13'),
(899, 41, '2025-05-28 13:00:00', NULL, 5, NULL, 'v', NULL, '2025-04-28 16:00:13', '2025-04-28 16:00:13'),
(900, 41, '2025-05-28 13:35:00', NULL, 5, NULL, 'v', NULL, '2025-04-28 16:00:13', '2025-04-28 16:00:13'),
(901, 41, '2025-05-28 14:10:00', NULL, 5, NULL, 'v', NULL, '2025-04-28 16:00:13', '2025-04-28 16:00:13'),
(902, 41, '2025-05-28 14:45:00', NULL, 5, NULL, 'v', NULL, '2025-04-28 16:00:13', '2025-04-28 16:00:13'),
(903, 41, '2025-05-28 15:20:00', NULL, 5, NULL, 'v', NULL, '2025-04-28 16:00:13', '2025-04-28 16:00:13'),
(904, 41, '2025-05-28 15:55:00', NULL, 5, NULL, 'v', NULL, '2025-04-28 16:00:13', '2025-04-28 16:00:13'),
(905, 41, '2025-05-28 16:30:00', NULL, 5, NULL, 'v', NULL, '2025-04-28 16:00:13', '2025-04-28 16:00:13'),
(906, 41, '2025-05-28 17:05:00', NULL, 5, NULL, 'v', NULL, '2025-04-28 16:00:13', '2025-04-28 16:00:13'),
(907, 41, '2025-04-18 08:56:00', 7, 1, 'Fizikoterápiás kezelést javaslunk a további javulás érdekében.', 'd', NULL, '2025-04-28 16:00:13', '0000-00-00 00:00:00'),
(908, 42, '2025-04-28 07:00:00', NULL, 11, NULL, 'v', NULL, '2025-04-28 16:00:13', '2025-04-28 16:00:13'),
(909, 42, '2025-04-28 08:40:00', NULL, 11, NULL, 'v', NULL, '2025-04-28 16:00:13', '2025-04-28 16:00:13'),
(910, 42, '2025-04-28 10:20:00', NULL, 11, NULL, 'v', NULL, '2025-04-28 16:00:13', '2025-04-28 16:00:13'),
(911, 42, '2025-04-28 12:00:00', NULL, 11, NULL, 'v', NULL, '2025-04-28 16:00:13', '2025-04-28 16:00:13'),
(912, 42, '2025-04-29 07:00:00', NULL, 12, NULL, 'v', NULL, '2025-04-28 16:00:13', '2025-04-28 16:00:13'),
(913, 42, '2025-04-29 08:10:00', NULL, 12, NULL, 'v', NULL, '2025-04-28 16:00:13', '2025-04-28 16:00:13'),
(914, 42, '2025-04-29 09:20:00', NULL, 12, NULL, 'v', NULL, '2025-04-28 16:00:13', '2025-04-28 16:00:13'),
(915, 42, '2025-04-29 10:30:00', NULL, 12, NULL, 'v', NULL, '2025-04-28 16:00:13', '2025-04-28 16:00:13'),
(916, 42, '2025-04-29 11:40:00', NULL, 12, NULL, 'v', NULL, '2025-04-28 16:00:13', '2025-04-28 16:00:13'),
(917, 42, '2025-04-29 12:50:00', NULL, 12, NULL, 'v', NULL, '2025-04-28 16:00:13', '2025-04-28 16:00:13'),
(918, 42, '2025-05-05 07:00:00', NULL, 8, NULL, 'v', NULL, '2025-04-28 16:00:13', '2025-04-28 16:00:13'),
(919, 42, '2025-05-05 08:10:00', NULL, 8, NULL, 'v', NULL, '2025-04-28 16:00:13', '2025-04-28 16:00:13'),
(920, 42, '2025-05-05 09:20:00', NULL, 8, NULL, 'v', NULL, '2025-04-28 16:00:13', '2025-04-28 16:00:13'),
(921, 42, '2025-05-05 10:30:00', NULL, 8, NULL, 'v', NULL, '2025-04-28 16:00:13', '2025-04-28 16:00:13'),
(922, 42, '2025-05-05 11:40:00', NULL, 8, NULL, 'v', NULL, '2025-04-28 16:00:13', '2025-04-28 16:00:13'),
(923, 42, '2025-05-05 12:50:00', NULL, 8, NULL, 'v', NULL, '2025-04-28 16:00:13', '2025-04-28 16:00:13'),
(924, 42, '2025-05-06 07:00:00', NULL, 12, NULL, 'v', NULL, '2025-04-28 16:00:13', '2025-04-28 16:00:13'),
(925, 42, '2025-05-06 08:10:00', NULL, 12, NULL, 'v', NULL, '2025-04-28 16:00:13', '2025-04-28 16:00:13'),
(926, 42, '2025-05-06 09:20:00', NULL, 12, NULL, 'v', NULL, '2025-04-28 16:00:13', '2025-04-28 16:00:13'),
(927, 42, '2025-05-06 10:30:00', NULL, 12, NULL, 'v', NULL, '2025-04-28 16:00:13', '2025-04-28 16:00:13'),
(928, 42, '2025-05-06 11:40:00', NULL, 12, NULL, 'v', NULL, '2025-04-28 16:00:13', '2025-04-28 16:00:13'),
(929, 42, '2025-05-06 12:50:00', NULL, 12, NULL, 'v', NULL, '2025-04-28 16:00:13', '2025-04-28 16:00:13'),
(930, 42, '2025-05-12 13:00:00', NULL, 11, NULL, 'v', NULL, '2025-04-28 16:00:13', '2025-04-28 16:00:13'),
(931, 42, '2025-05-12 14:40:00', NULL, 11, NULL, 'v', NULL, '2025-04-28 16:00:13', '2025-04-28 16:00:13'),
(932, 42, '2025-05-12 16:20:00', NULL, 11, NULL, 'v', NULL, '2025-04-28 16:00:13', '2025-04-28 16:00:13'),
(933, 42, '2025-05-13 07:00:00', NULL, 9, NULL, 'v', NULL, '2025-04-28 16:00:13', '2025-04-28 16:00:13'),
(934, 42, '2025-05-13 07:55:00', NULL, 9, NULL, 'v', NULL, '2025-04-28 16:00:13', '2025-04-28 16:00:13'),
(935, 42, '2025-05-13 08:50:00', NULL, 9, NULL, 'v', NULL, '2025-04-28 16:00:13', '2025-04-28 16:00:13'),
(936, 42, '2025-05-13 09:45:00', NULL, 9, NULL, 'v', NULL, '2025-04-28 16:00:13', '2025-04-28 16:00:13'),
(937, 42, '2025-05-13 10:40:00', NULL, 9, NULL, 'v', NULL, '2025-04-28 16:00:13', '2025-04-28 16:00:13'),
(938, 42, '2025-05-13 11:35:00', NULL, 9, NULL, 'v', NULL, '2025-04-28 16:00:13', '2025-04-28 16:00:13'),
(939, 42, '2025-05-13 12:30:00', NULL, 9, NULL, 'v', NULL, '2025-04-28 16:00:13', '2025-04-28 16:00:13'),
(940, 42, '2025-05-19 13:00:00', NULL, 9, NULL, 'v', NULL, '2025-04-28 16:00:13', '2025-04-28 16:00:13'),
(941, 42, '2025-05-19 13:55:00', NULL, 9, NULL, 'v', NULL, '2025-04-28 16:00:13', '2025-04-28 16:00:13'),
(942, 42, '2025-05-19 14:50:00', NULL, 9, NULL, 'v', NULL, '2025-04-28 16:00:13', '2025-04-28 16:00:13'),
(943, 42, '2025-05-19 15:45:00', NULL, 9, NULL, 'v', NULL, '2025-04-28 16:00:13', '2025-04-28 16:00:13'),
(944, 42, '2025-05-19 16:40:00', NULL, 9, NULL, 'v', NULL, '2025-04-28 16:00:13', '2025-04-28 16:00:13');
INSERT INTO `doctor_appointments` (`id`, `doctor_id`, `start_time`, `patient_id`, `treatment_id`, `description`, `status`, `rating`, `created_at`, `updated_at`) VALUES
(945, 42, '2025-05-20 07:00:00', NULL, 11, NULL, 'v', NULL, '2025-04-28 16:00:13', '2025-04-28 16:00:13'),
(946, 42, '2025-05-20 08:40:00', NULL, 11, NULL, 'v', NULL, '2025-04-28 16:00:13', '2025-04-28 16:00:13'),
(947, 42, '2025-05-20 10:20:00', NULL, 11, NULL, 'v', NULL, '2025-04-28 16:00:13', '2025-04-28 16:00:13'),
(948, 42, '2025-05-20 12:00:00', NULL, 11, NULL, 'v', NULL, '2025-04-28 16:00:13', '2025-04-28 16:00:13'),
(949, 42, '2025-05-26 13:00:00', NULL, 10, NULL, 'v', NULL, '2025-04-28 16:00:13', '2025-04-28 16:00:13'),
(950, 42, '2025-05-27 07:00:00', NULL, 9, NULL, 'v', NULL, '2025-04-28 16:00:13', '2025-04-28 16:00:13'),
(951, 42, '2025-05-27 07:55:00', NULL, 9, NULL, 'v', NULL, '2025-04-28 16:00:13', '2025-04-28 16:00:13'),
(952, 42, '2025-05-27 08:50:00', NULL, 9, NULL, 'v', NULL, '2025-04-28 16:00:13', '2025-04-28 16:00:13'),
(953, 42, '2025-05-27 09:45:00', NULL, 9, NULL, 'v', NULL, '2025-04-28 16:00:13', '2025-04-28 16:00:13'),
(954, 42, '2025-05-27 10:40:00', NULL, 9, NULL, 'v', NULL, '2025-04-28 16:00:13', '2025-04-28 16:00:13'),
(955, 42, '2025-05-27 11:35:00', NULL, 9, NULL, 'v', NULL, '2025-04-28 16:00:13', '2025-04-28 16:00:13'),
(956, 42, '2025-05-27 12:30:00', NULL, 9, NULL, 'v', NULL, '2025-04-28 16:00:13', '2025-04-28 16:00:13'),
(957, 42, '2025-04-03 14:27:00', 59, 12, 'A műtét utáni állapot kielégítő, fokozatos terhelés megengedett.', 'd', NULL, '2025-04-28 16:00:13', '2025-04-28 16:00:13'),
(958, 43, '2025-04-28 13:00:00', NULL, 7, NULL, 'v', NULL, '2025-04-28 16:00:13', '2025-04-28 16:00:13'),
(959, 43, '2025-04-28 15:10:00', NULL, 7, NULL, 'v', NULL, '2025-04-28 16:00:13', '2025-04-28 16:00:13'),
(960, 43, '2025-04-29 13:00:00', NULL, 8, NULL, 'v', NULL, '2025-04-28 16:00:13', '2025-04-28 16:00:13'),
(961, 43, '2025-04-29 14:10:00', NULL, 8, NULL, 'v', NULL, '2025-04-28 16:00:13', '2025-04-28 16:00:13'),
(962, 43, '2025-04-29 15:20:00', NULL, 8, NULL, 'v', NULL, '2025-04-28 16:00:13', '2025-04-28 16:00:13'),
(963, 43, '2025-04-29 16:30:00', NULL, 8, NULL, 'v', NULL, '2025-04-28 16:00:13', '2025-04-28 16:00:13'),
(964, 43, '2025-05-05 07:00:00', NULL, 10, NULL, 'v', NULL, '2025-04-28 16:00:13', '2025-04-28 16:00:13'),
(965, 43, '2025-05-05 09:40:00', NULL, 10, NULL, 'v', NULL, '2025-04-28 16:00:13', '2025-04-28 16:00:13'),
(966, 43, '2025-05-07 13:00:00', NULL, 11, NULL, 'v', NULL, '2025-04-28 16:00:13', '2025-04-28 16:00:13'),
(967, 43, '2025-05-07 14:40:00', NULL, 11, NULL, 'v', NULL, '2025-04-28 16:00:13', '2025-04-28 16:00:13'),
(968, 43, '2025-05-07 16:20:00', NULL, 11, NULL, 'v', NULL, '2025-04-28 16:00:13', '2025-04-28 16:00:13'),
(969, 43, '2025-05-12 13:00:00', NULL, 12, NULL, 'v', NULL, '2025-04-28 16:00:13', '2025-04-28 16:00:13'),
(970, 43, '2025-05-12 14:10:00', NULL, 12, NULL, 'v', NULL, '2025-04-28 16:00:13', '2025-04-28 16:00:13'),
(971, 43, '2025-05-12 15:20:00', NULL, 12, NULL, 'v', NULL, '2025-04-28 16:00:13', '2025-04-28 16:00:13'),
(972, 43, '2025-05-12 16:30:00', NULL, 12, NULL, 'v', NULL, '2025-04-28 16:00:13', '2025-04-28 16:00:13'),
(973, 43, '2025-05-13 07:00:00', NULL, 12, NULL, 'v', NULL, '2025-04-28 16:00:13', '2025-04-28 16:00:13'),
(974, 43, '2025-05-13 08:10:00', NULL, 12, NULL, 'v', NULL, '2025-04-28 16:00:13', '2025-04-28 16:00:13'),
(975, 43, '2025-05-13 09:20:00', NULL, 12, NULL, 'v', NULL, '2025-04-28 16:00:13', '2025-04-28 16:00:13'),
(976, 43, '2025-05-13 10:30:00', NULL, 12, NULL, 'v', NULL, '2025-04-28 16:00:13', '2025-04-28 16:00:13'),
(977, 43, '2025-05-13 11:40:00', NULL, 12, NULL, 'v', NULL, '2025-04-28 16:00:13', '2025-04-28 16:00:13'),
(978, 43, '2025-05-13 12:50:00', NULL, 12, NULL, 'v', NULL, '2025-04-28 16:00:13', '2025-04-28 16:00:13'),
(979, 43, '2025-05-19 13:00:00', NULL, 7, NULL, 'v', NULL, '2025-04-28 16:00:13', '2025-04-28 16:00:13'),
(980, 43, '2025-05-19 15:10:00', NULL, 7, NULL, 'v', NULL, '2025-04-28 16:00:13', '2025-04-28 16:00:13'),
(981, 43, '2025-05-20 13:00:00', NULL, 9, NULL, 'v', NULL, '2025-04-28 16:00:13', '2025-04-28 16:00:13'),
(982, 43, '2025-05-20 13:55:00', NULL, 9, NULL, 'v', NULL, '2025-04-28 16:00:13', '2025-04-28 16:00:13'),
(983, 43, '2025-05-20 14:50:00', NULL, 9, NULL, 'v', NULL, '2025-04-28 16:00:13', '2025-04-28 16:00:13'),
(984, 43, '2025-05-20 15:45:00', NULL, 9, NULL, 'v', NULL, '2025-04-28 16:00:13', '2025-04-28 16:00:13'),
(985, 43, '2025-05-20 16:40:00', NULL, 9, NULL, 'v', NULL, '2025-04-28 16:00:13', '2025-04-28 16:00:13'),
(986, 43, '2025-05-26 07:00:00', NULL, 8, NULL, 'v', NULL, '2025-04-28 16:00:13', '2025-04-28 16:00:13'),
(987, 43, '2025-05-26 08:10:00', NULL, 8, NULL, 'v', NULL, '2025-04-28 16:00:13', '2025-04-28 16:00:13'),
(988, 43, '2025-05-26 09:20:00', NULL, 8, NULL, 'v', NULL, '2025-04-28 16:00:13', '2025-04-28 16:00:13'),
(989, 43, '2025-05-26 10:30:00', NULL, 8, NULL, 'v', NULL, '2025-04-28 16:00:13', '2025-04-28 16:00:13'),
(990, 43, '2025-05-26 11:40:00', NULL, 8, NULL, 'v', NULL, '2025-04-28 16:00:13', '2025-04-28 16:00:13'),
(991, 43, '2025-05-26 12:50:00', NULL, 8, NULL, 'v', NULL, '2025-04-28 16:00:13', '2025-04-28 16:00:13'),
(992, 43, '2025-05-27 13:00:00', NULL, 10, NULL, 'v', NULL, '2025-04-28 16:00:13', '2025-04-28 16:00:13'),
(993, 43, '2025-03-30 15:37:00', 40, 11, 'Konzervatív kezelés hatásosnak bizonyult, folytatása indokolt.', 'd', NULL, '2025-04-28 16:00:13', '2025-04-28 16:00:13'),
(994, 44, '2025-04-28 07:00:00', NULL, 16, NULL, 'v', NULL, '2025-04-28 16:00:13', '2025-04-28 16:00:13'),
(995, 44, '2025-04-28 07:50:00', NULL, 16, NULL, 'v', NULL, '2025-04-28 16:00:13', '2025-04-28 16:00:13'),
(996, 44, '2025-04-28 08:40:00', NULL, 16, NULL, 'v', NULL, '2025-04-28 16:00:13', '2025-04-28 16:00:13'),
(997, 44, '2025-04-28 09:30:00', NULL, 16, NULL, 'v', NULL, '2025-04-28 16:00:13', '2025-04-28 16:00:13'),
(998, 44, '2025-04-28 10:20:00', NULL, 16, NULL, 'v', NULL, '2025-04-28 16:00:13', '2025-04-28 16:00:13'),
(999, 44, '2025-04-28 11:10:00', NULL, 16, NULL, 'v', NULL, '2025-04-28 16:00:13', '2025-04-28 16:00:13'),
(1000, 44, '2025-04-28 12:00:00', NULL, 16, NULL, 'v', NULL, '2025-04-28 16:00:13', '2025-04-28 16:00:13'),
(1001, 44, '2025-04-28 12:50:00', NULL, 16, NULL, 'v', NULL, '2025-04-28 16:00:13', '2025-04-28 16:00:13'),
(1002, 44, '2025-04-29 13:00:00', NULL, 14, NULL, 'v', NULL, '2025-04-28 16:00:13', '2025-04-28 16:00:13'),
(1003, 44, '2025-04-29 13:50:00', NULL, 14, NULL, 'v', NULL, '2025-04-28 16:00:13', '2025-04-28 16:00:13'),
(1004, 44, '2025-04-29 14:40:00', NULL, 14, NULL, 'v', NULL, '2025-04-28 16:00:13', '2025-04-28 16:00:13'),
(1005, 44, '2025-04-29 15:30:00', NULL, 14, NULL, 'v', NULL, '2025-04-28 16:00:13', '2025-04-28 16:00:13'),
(1006, 44, '2025-04-29 16:20:00', NULL, 14, NULL, 'v', NULL, '2025-04-28 16:00:13', '2025-04-28 16:00:13'),
(1007, 44, '2025-04-29 17:10:00', NULL, 14, NULL, 'v', NULL, '2025-04-28 16:00:13', '2025-04-28 16:00:13'),
(1008, 44, '2025-05-05 07:00:00', NULL, 18, NULL, 'v', NULL, '2025-04-28 16:00:13', '2025-04-28 16:00:13'),
(1009, 44, '2025-05-05 07:40:00', NULL, 18, NULL, 'v', NULL, '2025-04-28 16:00:13', '2025-04-28 16:00:13'),
(1010, 44, '2025-05-05 08:20:00', NULL, 18, NULL, 'v', NULL, '2025-04-28 16:00:13', '2025-04-28 16:00:13'),
(1011, 44, '2025-05-05 09:00:00', NULL, 18, NULL, 'v', NULL, '2025-04-28 16:00:13', '2025-04-28 16:00:13'),
(1012, 44, '2025-05-05 09:40:00', NULL, 18, NULL, 'v', NULL, '2025-04-28 16:00:13', '2025-04-28 16:00:13'),
(1013, 44, '2025-05-05 10:20:00', NULL, 18, NULL, 'v', NULL, '2025-04-28 16:00:13', '2025-04-28 16:00:13'),
(1014, 44, '2025-05-05 11:00:00', NULL, 18, NULL, 'v', NULL, '2025-04-28 16:00:13', '2025-04-28 16:00:13'),
(1015, 44, '2025-05-05 11:40:00', NULL, 18, NULL, 'v', NULL, '2025-04-28 16:00:13', '2025-04-28 16:00:13'),
(1016, 44, '2025-05-05 12:20:00', NULL, 18, NULL, 'v', NULL, '2025-04-28 16:00:13', '2025-04-28 16:00:13'),
(1017, 44, '2025-05-05 13:00:00', NULL, 18, NULL, 'v', NULL, '2025-04-28 16:00:13', '2025-04-28 16:00:13'),
(1018, 44, '2025-05-07 13:00:00', NULL, 17, NULL, 'v', NULL, '2025-04-28 16:00:13', '2025-04-28 16:00:13'),
(1019, 44, '2025-05-07 13:55:00', NULL, 17, NULL, 'v', NULL, '2025-04-28 16:00:13', '2025-04-28 16:00:13'),
(1020, 44, '2025-05-07 14:50:00', NULL, 17, NULL, 'v', NULL, '2025-04-28 16:00:13', '2025-04-28 16:00:13'),
(1021, 44, '2025-05-07 15:45:00', NULL, 17, NULL, 'v', NULL, '2025-04-28 16:00:13', '2025-04-28 16:00:13'),
(1022, 44, '2025-05-07 16:40:00', NULL, 17, NULL, 'v', NULL, '2025-04-28 16:00:13', '2025-04-28 16:00:13'),
(1023, 44, '2025-05-13 07:00:00', NULL, 15, NULL, 'v', NULL, '2025-04-28 16:00:13', '2025-04-28 16:00:13'),
(1024, 44, '2025-05-13 07:40:00', NULL, 15, NULL, 'v', NULL, '2025-04-28 16:00:13', '2025-04-28 16:00:13'),
(1025, 44, '2025-05-13 08:20:00', NULL, 15, NULL, 'v', NULL, '2025-04-28 16:00:13', '2025-04-28 16:00:13'),
(1026, 44, '2025-05-13 09:00:00', NULL, 15, NULL, 'v', NULL, '2025-04-28 16:00:13', '2025-04-28 16:00:13'),
(1027, 44, '2025-05-13 09:40:00', NULL, 15, NULL, 'v', NULL, '2025-04-28 16:00:13', '2025-04-28 16:00:13'),
(1028, 44, '2025-05-13 10:20:00', NULL, 15, NULL, 'v', NULL, '2025-04-28 16:00:13', '2025-04-28 16:00:13'),
(1029, 44, '2025-05-13 11:00:00', NULL, 15, NULL, 'v', NULL, '2025-04-28 16:00:13', '2025-04-28 16:00:13'),
(1030, 44, '2025-05-13 11:40:00', NULL, 15, NULL, 'v', NULL, '2025-04-28 16:00:13', '2025-04-28 16:00:13'),
(1031, 44, '2025-05-13 12:20:00', NULL, 15, NULL, 'v', NULL, '2025-04-28 16:00:13', '2025-04-28 16:00:13'),
(1032, 44, '2025-05-13 13:00:00', NULL, 15, NULL, 'v', NULL, '2025-04-28 16:00:13', '2025-04-28 16:00:13'),
(1033, 44, '2025-05-14 07:00:00', NULL, 13, NULL, 'v', NULL, '2025-04-28 16:00:13', '2025-04-28 16:00:13'),
(1034, 44, '2025-05-14 07:30:00', NULL, 13, NULL, 'v', NULL, '2025-04-28 16:00:13', '2025-04-28 16:00:13'),
(1035, 44, '2025-05-14 08:00:00', NULL, 13, NULL, 'v', NULL, '2025-04-28 16:00:13', '2025-04-28 16:00:13'),
(1036, 44, '2025-05-14 08:30:00', NULL, 13, NULL, 'v', NULL, '2025-04-28 16:00:13', '2025-04-28 16:00:13'),
(1037, 44, '2025-05-14 09:00:00', NULL, 13, NULL, 'v', NULL, '2025-04-28 16:00:13', '2025-04-28 16:00:13'),
(1038, 44, '2025-05-14 09:30:00', NULL, 13, NULL, 'v', NULL, '2025-04-28 16:00:13', '2025-04-28 16:00:13'),
(1039, 44, '2025-05-14 10:00:00', NULL, 13, NULL, 'v', NULL, '2025-04-28 16:00:13', '2025-04-28 16:00:13'),
(1040, 44, '2025-05-14 10:30:00', NULL, 13, NULL, 'v', NULL, '2025-04-28 16:00:13', '2025-04-28 16:00:13'),
(1041, 44, '2025-05-14 11:00:00', NULL, 13, NULL, 'v', NULL, '2025-04-28 16:00:13', '2025-04-28 16:00:13'),
(1042, 44, '2025-05-14 11:30:00', NULL, 13, NULL, 'v', NULL, '2025-04-28 16:00:13', '2025-04-28 16:00:13'),
(1043, 44, '2025-05-14 12:00:00', NULL, 13, NULL, 'v', NULL, '2025-04-28 16:00:13', '2025-04-28 16:00:13'),
(1044, 44, '2025-05-14 12:30:00', NULL, 13, NULL, 'v', NULL, '2025-04-28 16:00:13', '2025-04-28 16:00:13'),
(1045, 44, '2025-05-14 13:00:00', NULL, 13, NULL, 'v', NULL, '2025-04-28 16:00:13', '2025-04-28 16:00:13'),
(1046, 44, '2025-05-14 13:30:00', NULL, 13, NULL, 'v', NULL, '2025-04-28 16:00:13', '2025-04-28 16:00:13'),
(1047, 44, '2025-05-19 07:00:00', NULL, 17, NULL, 'v', NULL, '2025-04-28 16:00:13', '2025-04-28 16:00:13'),
(1048, 44, '2025-05-19 07:55:00', NULL, 17, NULL, 'v', NULL, '2025-04-28 16:00:13', '2025-04-28 16:00:13'),
(1049, 44, '2025-05-19 08:50:00', NULL, 17, NULL, 'v', NULL, '2025-04-28 16:00:13', '2025-04-28 16:00:13'),
(1050, 44, '2025-05-19 09:45:00', NULL, 17, NULL, 'v', NULL, '2025-04-28 16:00:13', '2025-04-28 16:00:13'),
(1051, 44, '2025-05-19 10:40:00', NULL, 17, NULL, 'v', NULL, '2025-04-28 16:00:13', '2025-04-28 16:00:13'),
(1052, 44, '2025-05-19 11:35:00', NULL, 17, NULL, 'v', NULL, '2025-04-28 16:00:13', '2025-04-28 16:00:13'),
(1053, 44, '2025-05-19 12:30:00', NULL, 17, NULL, 'v', NULL, '2025-04-28 16:00:13', '2025-04-28 16:00:13'),
(1054, 44, '2025-05-21 07:00:00', NULL, 16, NULL, 'v', NULL, '2025-04-28 16:00:13', '2025-04-28 16:00:13'),
(1055, 44, '2025-05-21 07:50:00', NULL, 16, NULL, 'v', NULL, '2025-04-28 16:00:13', '2025-04-28 16:00:13'),
(1056, 44, '2025-05-21 08:40:00', NULL, 16, NULL, 'v', NULL, '2025-04-28 16:00:13', '2025-04-28 16:00:13'),
(1057, 44, '2025-05-21 09:30:00', NULL, 16, NULL, 'v', NULL, '2025-04-28 16:00:13', '2025-04-28 16:00:13'),
(1058, 44, '2025-05-21 10:20:00', NULL, 16, NULL, 'v', NULL, '2025-04-28 16:00:13', '2025-04-28 16:00:13'),
(1059, 44, '2025-05-21 11:10:00', NULL, 16, NULL, 'v', NULL, '2025-04-28 16:00:13', '2025-04-28 16:00:13'),
(1060, 44, '2025-05-21 12:00:00', NULL, 16, NULL, 'v', NULL, '2025-04-28 16:00:13', '2025-04-28 16:00:13'),
(1061, 44, '2025-05-21 12:50:00', NULL, 16, NULL, 'v', NULL, '2025-04-28 16:00:13', '2025-04-28 16:00:13'),
(1062, 44, '2025-05-26 13:00:00', NULL, 16, NULL, 'v', NULL, '2025-04-28 16:00:13', '2025-04-28 16:00:13'),
(1063, 44, '2025-05-26 13:50:00', NULL, 16, NULL, 'v', NULL, '2025-04-28 16:00:13', '2025-04-28 16:00:13'),
(1064, 44, '2025-05-26 14:40:00', NULL, 16, NULL, 'v', NULL, '2025-04-28 16:00:13', '2025-04-28 16:00:13'),
(1065, 44, '2025-05-26 15:30:00', NULL, 16, NULL, 'v', NULL, '2025-04-28 16:00:13', '2025-04-28 16:00:13'),
(1066, 44, '2025-05-26 16:20:00', NULL, 16, NULL, 'v', NULL, '2025-04-28 16:00:13', '2025-04-28 16:00:13'),
(1067, 44, '2025-05-26 17:10:00', NULL, 16, NULL, 'v', NULL, '2025-04-28 16:00:13', '2025-04-28 16:00:13'),
(1068, 44, '2025-05-27 07:00:00', NULL, 15, NULL, 'v', NULL, '2025-04-28 16:00:13', '2025-04-28 16:00:13'),
(1069, 44, '2025-05-27 07:40:00', NULL, 15, NULL, 'v', NULL, '2025-04-28 16:00:13', '2025-04-28 16:00:13'),
(1070, 44, '2025-05-27 08:20:00', NULL, 15, NULL, 'v', NULL, '2025-04-28 16:00:13', '2025-04-28 16:00:13'),
(1071, 44, '2025-05-27 09:00:00', NULL, 15, NULL, 'v', NULL, '2025-04-28 16:00:13', '2025-04-28 16:00:13'),
(1072, 44, '2025-05-27 09:40:00', NULL, 15, NULL, 'v', NULL, '2025-04-28 16:00:13', '2025-04-28 16:00:13'),
(1073, 44, '2025-05-27 10:20:00', NULL, 15, NULL, 'v', NULL, '2025-04-28 16:00:13', '2025-04-28 16:00:13'),
(1074, 44, '2025-05-27 11:00:00', NULL, 15, NULL, 'v', NULL, '2025-04-28 16:00:13', '2025-04-28 16:00:13'),
(1075, 44, '2025-05-27 11:40:00', NULL, 15, NULL, 'v', NULL, '2025-04-28 16:00:13', '2025-04-28 16:00:13'),
(1076, 44, '2025-05-27 12:20:00', NULL, 15, NULL, 'v', NULL, '2025-04-28 16:00:13', '2025-04-28 16:00:13'),
(1077, 44, '2025-05-27 13:00:00', NULL, 15, NULL, 'v', NULL, '2025-04-28 16:00:13', '2025-04-28 16:00:13'),
(1078, 44, '2025-04-08 10:51:00', 12, 14, 'A laboreredmények normalizálódtak, diéta betartása javasolt.', 'd', NULL, '2025-04-28 16:00:13', '2025-04-28 16:00:13'),
(1079, 45, '2025-04-28 07:00:00', NULL, 19, NULL, 'v', NULL, '2025-04-28 16:00:13', '2025-04-28 16:00:13'),
(1080, 45, '2025-04-28 07:40:00', NULL, 19, NULL, 'v', NULL, '2025-04-28 16:00:13', '2025-04-28 16:00:13'),
(1081, 45, '2025-04-28 08:20:00', NULL, 19, NULL, 'v', NULL, '2025-04-28 16:00:13', '2025-04-28 16:00:13'),
(1082, 45, '2025-04-28 09:00:00', NULL, 19, NULL, 'v', NULL, '2025-04-28 16:00:13', '2025-04-28 16:00:13'),
(1083, 45, '2025-04-28 09:40:00', NULL, 19, NULL, 'v', NULL, '2025-04-28 16:00:13', '2025-04-28 16:00:13'),
(1084, 45, '2025-04-28 10:20:00', NULL, 19, NULL, 'v', NULL, '2025-04-28 16:00:13', '2025-04-28 16:00:13'),
(1085, 45, '2025-04-28 11:00:00', NULL, 19, NULL, 'v', NULL, '2025-04-28 16:00:13', '2025-04-28 16:00:13'),
(1086, 45, '2025-04-28 11:40:00', NULL, 19, NULL, 'v', NULL, '2025-04-28 16:00:13', '2025-04-28 16:00:13'),
(1087, 45, '2025-04-28 12:20:00', NULL, 19, NULL, 'v', NULL, '2025-04-28 16:00:13', '2025-04-28 16:00:13'),
(1088, 45, '2025-04-28 13:00:00', NULL, 19, NULL, 'v', NULL, '2025-04-28 16:00:13', '2025-04-28 16:00:13'),
(1089, 45, '2025-04-29 07:00:00', NULL, 24, NULL, 'v', NULL, '2025-04-28 16:00:13', '2025-04-28 16:00:13'),
(1090, 45, '2025-04-29 07:55:00', NULL, 24, NULL, 'v', NULL, '2025-04-28 16:00:13', '2025-04-28 16:00:13'),
(1091, 45, '2025-04-29 08:50:00', NULL, 24, NULL, 'v', NULL, '2025-04-28 16:00:13', '2025-04-28 16:00:13'),
(1092, 45, '2025-04-29 09:45:00', NULL, 24, NULL, 'v', NULL, '2025-04-28 16:00:13', '2025-04-28 16:00:13'),
(1093, 45, '2025-04-29 10:40:00', NULL, 24, NULL, 'v', NULL, '2025-04-28 16:00:13', '2025-04-28 16:00:13'),
(1094, 45, '2025-04-29 11:35:00', NULL, 24, NULL, 'v', NULL, '2025-04-28 16:00:13', '2025-04-28 16:00:13'),
(1095, 45, '2025-04-29 12:30:00', NULL, 24, NULL, 'v', NULL, '2025-04-28 16:00:13', '2025-04-28 16:00:13'),
(1096, 45, '2025-05-05 07:00:00', NULL, 21, NULL, 'v', NULL, '2025-04-28 16:00:13', '2025-04-28 16:00:13'),
(1097, 45, '2025-05-05 07:40:00', NULL, 21, NULL, 'v', NULL, '2025-04-28 16:00:13', '2025-04-28 16:00:13'),
(1098, 45, '2025-05-05 08:20:00', NULL, 21, NULL, 'v', NULL, '2025-04-28 16:00:13', '2025-04-28 16:00:13'),
(1099, 45, '2025-05-05 09:00:00', NULL, 21, NULL, 'v', NULL, '2025-04-28 16:00:13', '2025-04-28 16:00:13'),
(1100, 45, '2025-05-05 09:40:00', NULL, 21, NULL, 'v', NULL, '2025-04-28 16:00:13', '2025-04-28 16:00:13'),
(1101, 45, '2025-05-05 10:20:00', NULL, 21, NULL, 'v', NULL, '2025-04-28 16:00:13', '2025-04-28 16:00:13'),
(1102, 45, '2025-05-05 11:00:00', NULL, 21, NULL, 'v', NULL, '2025-04-28 16:00:13', '2025-04-28 16:00:13'),
(1103, 45, '2025-05-05 11:40:00', NULL, 21, NULL, 'v', NULL, '2025-04-28 16:00:13', '2025-04-28 16:00:13'),
(1104, 45, '2025-05-05 12:20:00', NULL, 21, NULL, 'v', NULL, '2025-04-28 16:00:13', '2025-04-28 16:00:13'),
(1105, 45, '2025-05-05 13:00:00', NULL, 21, NULL, 'v', NULL, '2025-04-28 16:00:13', '2025-04-28 16:00:13'),
(1106, 45, '2025-05-06 13:00:00', NULL, 23, NULL, 'v', NULL, '2025-04-28 16:00:13', '2025-04-28 16:00:13'),
(1107, 45, '2025-05-06 13:55:00', NULL, 23, NULL, 'v', NULL, '2025-04-28 16:00:13', '2025-04-28 16:00:13'),
(1108, 45, '2025-05-06 14:50:00', NULL, 23, NULL, 'v', NULL, '2025-04-28 16:00:13', '2025-04-28 16:00:13'),
(1109, 45, '2025-05-06 15:45:00', NULL, 23, NULL, 'v', NULL, '2025-04-28 16:00:13', '2025-04-28 16:00:13'),
(1110, 45, '2025-05-06 16:40:00', NULL, 23, NULL, 'v', NULL, '2025-04-28 16:00:13', '2025-04-28 16:00:13'),
(1111, 45, '2025-05-12 07:00:00', NULL, 21, NULL, 'v', NULL, '2025-04-28 16:00:13', '2025-04-28 16:00:13'),
(1112, 45, '2025-05-12 07:40:00', NULL, 21, NULL, 'v', NULL, '2025-04-28 16:00:13', '2025-04-28 16:00:13'),
(1113, 45, '2025-05-12 08:20:00', NULL, 21, NULL, 'v', NULL, '2025-04-28 16:00:13', '2025-04-28 16:00:13'),
(1114, 45, '2025-05-12 09:00:00', NULL, 21, NULL, 'v', NULL, '2025-04-28 16:00:13', '2025-04-28 16:00:13'),
(1115, 45, '2025-05-12 09:40:00', NULL, 21, NULL, 'v', NULL, '2025-04-28 16:00:13', '2025-04-28 16:00:13'),
(1116, 45, '2025-05-12 10:20:00', NULL, 21, NULL, 'v', NULL, '2025-04-28 16:00:13', '2025-04-28 16:00:13'),
(1117, 45, '2025-05-12 11:00:00', NULL, 21, NULL, 'v', NULL, '2025-04-28 16:00:13', '2025-04-28 16:00:13'),
(1118, 45, '2025-05-12 11:40:00', NULL, 21, NULL, 'v', NULL, '2025-04-28 16:00:13', '2025-04-28 16:00:13'),
(1119, 45, '2025-05-12 12:20:00', NULL, 21, NULL, 'v', NULL, '2025-04-28 16:00:13', '2025-04-28 16:00:13'),
(1120, 45, '2025-05-12 13:00:00', NULL, 21, NULL, 'v', NULL, '2025-04-28 16:00:13', '2025-04-28 16:00:13'),
(1121, 45, '2025-05-13 13:00:00', NULL, 24, NULL, 'v', NULL, '2025-04-28 16:00:13', '2025-04-28 16:00:13'),
(1122, 45, '2025-05-13 13:55:00', NULL, 24, NULL, 'v', NULL, '2025-04-28 16:00:13', '2025-04-28 16:00:13'),
(1123, 45, '2025-05-13 14:50:00', NULL, 24, NULL, 'v', NULL, '2025-04-28 16:00:13', '2025-04-28 16:00:13'),
(1124, 45, '2025-05-13 15:45:00', NULL, 24, NULL, 'v', NULL, '2025-04-28 16:00:13', '2025-04-28 16:00:13'),
(1125, 45, '2025-05-13 16:40:00', NULL, 24, NULL, 'v', NULL, '2025-04-28 16:00:13', '2025-04-28 16:00:13'),
(1126, 45, '2025-05-19 13:00:00', NULL, 23, NULL, 'v', NULL, '2025-04-28 16:00:13', '2025-04-28 16:00:13'),
(1127, 45, '2025-05-19 13:55:00', NULL, 23, NULL, 'v', NULL, '2025-04-28 16:00:13', '2025-04-28 16:00:13'),
(1128, 45, '2025-05-19 14:50:00', NULL, 23, NULL, 'v', NULL, '2025-04-28 16:00:13', '2025-04-28 16:00:13'),
(1129, 45, '2025-05-19 15:45:00', NULL, 23, NULL, 'v', NULL, '2025-04-28 16:00:13', '2025-04-28 16:00:13'),
(1130, 45, '2025-05-19 16:40:00', NULL, 23, NULL, 'v', NULL, '2025-04-28 16:00:13', '2025-04-28 16:00:13'),
(1131, 45, '2025-05-20 07:00:00', NULL, 23, NULL, 'v', NULL, '2025-04-28 16:00:13', '2025-04-28 16:00:13'),
(1132, 45, '2025-05-20 07:55:00', NULL, 23, NULL, 'v', NULL, '2025-04-28 16:00:13', '2025-04-28 16:00:13'),
(1133, 45, '2025-05-20 08:50:00', NULL, 23, NULL, 'v', NULL, '2025-04-28 16:00:13', '2025-04-28 16:00:13'),
(1134, 45, '2025-05-20 09:45:00', NULL, 23, NULL, 'v', NULL, '2025-04-28 16:00:13', '2025-04-28 16:00:13'),
(1135, 45, '2025-05-20 10:40:00', NULL, 23, NULL, 'v', NULL, '2025-04-28 16:00:13', '2025-04-28 16:00:13'),
(1136, 45, '2025-05-20 11:35:00', NULL, 23, NULL, 'v', NULL, '2025-04-28 16:00:13', '2025-04-28 16:00:13'),
(1137, 45, '2025-05-20 12:30:00', NULL, 23, NULL, 'v', NULL, '2025-04-28 16:00:13', '2025-04-28 16:00:13'),
(1138, 45, '2025-05-26 13:00:00', NULL, 20, NULL, 'v', NULL, '2025-04-28 16:00:13', '2025-04-28 16:00:13'),
(1139, 45, '2025-05-27 13:00:00', NULL, 23, NULL, 'v', NULL, '2025-04-28 16:00:13', '2025-04-28 16:00:13'),
(1140, 45, '2025-05-27 13:55:00', NULL, 23, NULL, 'v', NULL, '2025-04-28 16:00:13', '2025-04-28 16:00:13'),
(1141, 45, '2025-05-27 14:50:00', NULL, 23, NULL, 'v', NULL, '2025-04-28 16:00:13', '2025-04-28 16:00:13'),
(1142, 45, '2025-05-27 15:45:00', NULL, 23, NULL, 'v', NULL, '2025-04-28 16:00:13', '2025-04-28 16:00:13'),
(1143, 45, '2025-05-27 16:40:00', NULL, 23, NULL, 'v', NULL, '2025-04-28 16:00:13', '2025-04-28 16:00:13'),
(1144, 45, '2025-04-15 13:45:00', 17, 21, 'Az aktuális terápiát jó tolerálta, mellékhatás nem jelentkezett.', 'd', NULL, '2025-04-28 16:00:13', '2025-04-28 16:00:13'),
(1145, 46, '2025-04-28 07:00:00', NULL, 23, NULL, 'v', NULL, '2025-04-28 16:00:13', '2025-04-28 16:00:13'),
(1146, 46, '2025-04-28 07:55:00', NULL, 23, NULL, 'v', NULL, '2025-04-28 16:00:13', '2025-04-28 16:00:13'),
(1147, 46, '2025-04-28 08:50:00', NULL, 23, NULL, 'v', NULL, '2025-04-28 16:00:13', '2025-04-28 16:00:13'),
(1148, 46, '2025-04-28 09:45:00', NULL, 23, NULL, 'v', NULL, '2025-04-28 16:00:13', '2025-04-28 16:00:13'),
(1149, 46, '2025-04-28 10:40:00', NULL, 23, NULL, 'v', NULL, '2025-04-28 16:00:13', '2025-04-28 16:00:13'),
(1150, 46, '2025-04-28 11:35:00', NULL, 23, NULL, 'v', NULL, '2025-04-28 16:00:13', '2025-04-28 16:00:13'),
(1151, 46, '2025-04-28 12:30:00', NULL, 23, NULL, 'v', NULL, '2025-04-28 16:00:13', '2025-04-28 16:00:13'),
(1152, 46, '2025-04-30 07:00:00', NULL, 22, NULL, 'v', NULL, '2025-04-28 16:00:13', '2025-04-28 16:00:13'),
(1153, 46, '2025-04-30 08:40:00', NULL, 22, NULL, 'v', NULL, '2025-04-28 16:00:13', '2025-04-28 16:00:13'),
(1154, 46, '2025-04-30 10:20:00', NULL, 22, NULL, 'v', NULL, '2025-04-28 16:00:13', '2025-04-28 16:00:13'),
(1155, 46, '2025-04-30 12:00:00', NULL, 22, NULL, 'v', NULL, '2025-04-28 16:00:13', '2025-04-28 16:00:13'),
(1156, 46, '2025-05-05 07:00:00', NULL, 19, NULL, 'v', NULL, '2025-04-28 16:00:13', '2025-04-28 16:00:13'),
(1157, 46, '2025-05-05 07:40:00', NULL, 19, NULL, 'v', NULL, '2025-04-28 16:00:13', '2025-04-28 16:00:13'),
(1158, 46, '2025-05-05 08:20:00', NULL, 19, NULL, 'v', NULL, '2025-04-28 16:00:13', '2025-04-28 16:00:13'),
(1159, 46, '2025-05-05 09:00:00', NULL, 19, NULL, 'v', NULL, '2025-04-28 16:00:13', '2025-04-28 16:00:13'),
(1160, 46, '2025-05-05 09:40:00', NULL, 19, NULL, 'v', NULL, '2025-04-28 16:00:13', '2025-04-28 16:00:13'),
(1161, 46, '2025-05-05 10:20:00', NULL, 19, NULL, 'v', NULL, '2025-04-28 16:00:13', '2025-04-28 16:00:13'),
(1162, 46, '2025-05-05 11:00:00', NULL, 19, NULL, 'v', NULL, '2025-04-28 16:00:13', '2025-04-28 16:00:13'),
(1163, 46, '2025-05-05 11:40:00', NULL, 19, NULL, 'v', NULL, '2025-04-28 16:00:13', '2025-04-28 16:00:13'),
(1164, 46, '2025-05-05 12:20:00', NULL, 19, NULL, 'v', NULL, '2025-04-28 16:00:13', '2025-04-28 16:00:13'),
(1165, 46, '2025-05-05 13:00:00', NULL, 19, NULL, 'v', NULL, '2025-04-28 16:00:13', '2025-04-28 16:00:13'),
(1166, 46, '2025-05-06 13:00:00', NULL, 20, NULL, 'v', NULL, '2025-04-28 16:00:13', '2025-04-28 16:00:13'),
(1167, 46, '2025-05-12 07:00:00', NULL, 20, NULL, 'v', NULL, '2025-04-28 16:00:13', '2025-04-28 16:00:13'),
(1168, 46, '2025-05-12 10:10:00', NULL, 20, NULL, 'v', NULL, '2025-04-28 16:00:13', '2025-04-28 16:00:13'),
(1169, 46, '2025-05-13 07:00:00', NULL, 19, NULL, 'v', NULL, '2025-04-28 16:00:13', '2025-04-28 16:00:13'),
(1170, 46, '2025-05-13 07:40:00', NULL, 19, NULL, 'v', NULL, '2025-04-28 16:00:13', '2025-04-28 16:00:13'),
(1171, 46, '2025-05-13 08:20:00', NULL, 19, NULL, 'v', NULL, '2025-04-28 16:00:13', '2025-04-28 16:00:13'),
(1172, 46, '2025-05-13 09:00:00', NULL, 19, NULL, 'v', NULL, '2025-04-28 16:00:13', '2025-04-28 16:00:13'),
(1173, 46, '2025-05-13 09:40:00', NULL, 19, NULL, 'v', NULL, '2025-04-28 16:00:13', '2025-04-28 16:00:13'),
(1174, 46, '2025-05-13 10:20:00', NULL, 19, NULL, 'v', NULL, '2025-04-28 16:00:13', '2025-04-28 16:00:13'),
(1175, 46, '2025-05-13 11:00:00', NULL, 19, NULL, 'v', NULL, '2025-04-28 16:00:13', '2025-04-28 16:00:13'),
(1176, 46, '2025-05-13 11:40:00', NULL, 19, NULL, 'v', NULL, '2025-04-28 16:00:13', '2025-04-28 16:00:13'),
(1177, 46, '2025-05-13 12:20:00', NULL, 19, NULL, 'v', NULL, '2025-04-28 16:00:13', '2025-04-28 16:00:13'),
(1178, 46, '2025-05-13 13:00:00', NULL, 19, NULL, 'v', NULL, '2025-04-28 16:00:13', '2025-04-28 16:00:13'),
(1179, 46, '2025-05-19 13:00:00', NULL, 21, NULL, 'v', NULL, '2025-04-28 16:00:13', '2025-04-28 16:00:13'),
(1180, 46, '2025-05-19 13:40:00', NULL, 21, NULL, 'v', NULL, '2025-04-28 16:00:13', '2025-04-28 16:00:13'),
(1181, 46, '2025-05-19 14:20:00', NULL, 21, NULL, 'v', NULL, '2025-04-28 16:00:13', '2025-04-28 16:00:13'),
(1182, 46, '2025-05-19 15:00:00', NULL, 21, NULL, 'v', NULL, '2025-04-28 16:00:13', '2025-04-28 16:00:13'),
(1183, 46, '2025-05-19 15:40:00', NULL, 21, NULL, 'v', NULL, '2025-04-28 16:00:13', '2025-04-28 16:00:13'),
(1184, 46, '2025-05-19 16:20:00', NULL, 21, NULL, 'v', NULL, '2025-04-28 16:00:13', '2025-04-28 16:00:13'),
(1185, 46, '2025-05-19 17:00:00', NULL, 21, NULL, 'v', NULL, '2025-04-28 16:00:13', '2025-04-28 16:00:13'),
(1186, 46, '2025-05-20 13:00:00', NULL, 20, NULL, 'v', NULL, '2025-04-28 16:00:13', '2025-04-28 16:00:13'),
(1187, 46, '2025-05-26 13:00:00', NULL, 24, NULL, 'v', NULL, '2025-04-28 16:00:13', '2025-04-28 16:00:13'),
(1188, 46, '2025-05-26 13:55:00', NULL, 24, NULL, 'v', NULL, '2025-04-28 16:00:13', '2025-04-28 16:00:13'),
(1189, 46, '2025-05-26 14:50:00', NULL, 24, NULL, 'v', NULL, '2025-04-28 16:00:13', '2025-04-28 16:00:13'),
(1190, 46, '2025-05-26 15:45:00', NULL, 24, NULL, 'v', NULL, '2025-04-28 16:00:13', '2025-04-28 16:00:13'),
(1191, 46, '2025-05-26 16:40:00', NULL, 24, NULL, 'v', NULL, '2025-04-28 16:00:13', '2025-04-28 16:00:13'),
(1192, 46, '2025-05-27 13:00:00', NULL, 20, NULL, 'v', NULL, '2025-04-28 16:00:13', '2025-04-28 16:00:13'),
(1193, 46, '2025-04-03 12:21:00', 13, 24, 'A szűrővizsgálat eredménye negatív, kontroll 1 év múlva.', 'd', NULL, '2025-04-28 16:00:13', '2025-04-28 16:00:13'),
(1194, 47, '2025-04-28 13:00:00', NULL, 28, NULL, 'v', NULL, '2025-04-28 16:00:13', '2025-04-28 16:00:13'),
(1195, 47, '2025-04-28 13:50:00', NULL, 28, NULL, 'v', NULL, '2025-04-28 16:00:13', '2025-04-28 16:00:13'),
(1196, 47, '2025-04-28 14:40:00', NULL, 28, NULL, 'v', NULL, '2025-04-28 16:00:13', '2025-04-28 16:00:13'),
(1197, 47, '2025-04-28 15:30:00', NULL, 28, NULL, 'v', NULL, '2025-04-28 16:00:13', '2025-04-28 16:00:13'),
(1198, 47, '2025-04-28 16:20:00', NULL, 28, NULL, 'v', NULL, '2025-04-28 16:00:13', '2025-04-28 16:00:13'),
(1199, 47, '2025-04-28 17:10:00', NULL, 28, NULL, 'v', NULL, '2025-04-28 16:00:13', '2025-04-28 16:00:13'),
(1200, 47, '2025-04-29 13:00:00', NULL, 26, NULL, 'v', NULL, '2025-04-28 16:00:13', '2025-04-28 16:00:13'),
(1201, 47, '2025-04-29 14:00:00', NULL, 26, NULL, 'v', NULL, '2025-04-28 16:00:13', '2025-04-28 16:00:13'),
(1202, 47, '2025-04-29 15:00:00', NULL, 26, NULL, 'v', NULL, '2025-04-28 16:00:13', '2025-04-28 16:00:13'),
(1203, 47, '2025-04-29 16:00:00', NULL, 26, NULL, 'v', NULL, '2025-04-28 16:00:13', '2025-04-28 16:00:13'),
(1204, 47, '2025-04-29 17:00:00', NULL, 26, NULL, 'v', NULL, '2025-04-28 16:00:13', '2025-04-28 16:00:13'),
(1205, 47, '2025-05-05 07:00:00', NULL, 25, NULL, 'v', NULL, '2025-04-28 16:00:13', '2025-04-28 16:00:13'),
(1206, 47, '2025-05-05 08:10:00', NULL, 25, NULL, 'v', NULL, '2025-04-28 16:00:13', '2025-04-28 16:00:13'),
(1207, 47, '2025-05-05 09:20:00', NULL, 25, NULL, 'v', NULL, '2025-04-28 16:00:13', '2025-04-28 16:00:13'),
(1208, 47, '2025-05-05 10:30:00', NULL, 25, NULL, 'v', NULL, '2025-04-28 16:00:13', '2025-04-28 16:00:13'),
(1209, 47, '2025-05-05 11:40:00', NULL, 25, NULL, 'v', NULL, '2025-04-28 16:00:13', '2025-04-28 16:00:13'),
(1210, 47, '2025-05-05 12:50:00', NULL, 25, NULL, 'v', NULL, '2025-04-28 16:00:13', '2025-04-28 16:00:13'),
(1211, 47, '2025-05-06 07:00:00', NULL, 25, NULL, 'v', NULL, '2025-04-28 16:00:13', '2025-04-28 16:00:13'),
(1212, 47, '2025-05-06 08:10:00', NULL, 25, NULL, 'v', NULL, '2025-04-28 16:00:13', '2025-04-28 16:00:13'),
(1213, 47, '2025-05-06 09:20:00', NULL, 25, NULL, 'v', NULL, '2025-04-28 16:00:13', '2025-04-28 16:00:13'),
(1214, 47, '2025-05-06 10:30:00', NULL, 25, NULL, 'v', NULL, '2025-04-28 16:00:13', '2025-04-28 16:00:13'),
(1215, 47, '2025-05-06 11:40:00', NULL, 25, NULL, 'v', NULL, '2025-04-28 16:00:13', '2025-04-28 16:00:13'),
(1216, 47, '2025-05-06 12:50:00', NULL, 25, NULL, 'v', NULL, '2025-04-28 16:00:13', '2025-04-28 16:00:13'),
(1217, 47, '2025-05-12 07:00:00', NULL, 25, NULL, 'v', NULL, '2025-04-28 16:00:13', '2025-04-28 16:00:13'),
(1218, 47, '2025-05-12 08:10:00', NULL, 25, NULL, 'v', NULL, '2025-04-28 16:00:13', '2025-04-28 16:00:13'),
(1219, 47, '2025-05-12 09:20:00', NULL, 25, NULL, 'v', NULL, '2025-04-28 16:00:13', '2025-04-28 16:00:13'),
(1220, 47, '2025-05-12 10:30:00', NULL, 25, NULL, 'v', NULL, '2025-04-28 16:00:13', '2025-04-28 16:00:13'),
(1221, 47, '2025-05-12 11:40:00', NULL, 25, NULL, 'v', NULL, '2025-04-28 16:00:13', '2025-04-28 16:00:13'),
(1222, 47, '2025-05-12 12:50:00', NULL, 25, NULL, 'v', NULL, '2025-04-28 16:00:13', '2025-04-28 16:00:13'),
(1223, 47, '2025-05-13 13:00:00', NULL, 25, NULL, 'v', NULL, '2025-04-28 16:00:13', '2025-04-28 16:00:13'),
(1224, 47, '2025-05-13 14:10:00', NULL, 25, NULL, 'v', NULL, '2025-04-28 16:00:13', '2025-04-28 16:00:13'),
(1225, 47, '2025-05-13 15:20:00', NULL, 25, NULL, 'v', NULL, '2025-04-28 16:00:13', '2025-04-28 16:00:13'),
(1226, 47, '2025-05-13 16:30:00', NULL, 25, NULL, 'v', NULL, '2025-04-28 16:00:13', '2025-04-28 16:00:13'),
(1227, 47, '2025-05-19 07:00:00', NULL, 25, NULL, 'v', NULL, '2025-04-28 16:00:13', '2025-04-28 16:00:13'),
(1228, 47, '2025-05-19 08:10:00', NULL, 25, NULL, 'v', NULL, '2025-04-28 16:00:13', '2025-04-28 16:00:13'),
(1229, 47, '2025-05-19 09:20:00', NULL, 25, NULL, 'v', NULL, '2025-04-28 16:00:13', '2025-04-28 16:00:13'),
(1230, 47, '2025-05-19 10:30:00', NULL, 25, NULL, 'v', NULL, '2025-04-28 16:00:13', '2025-04-28 16:00:13'),
(1231, 47, '2025-05-19 11:40:00', NULL, 25, NULL, 'v', NULL, '2025-04-28 16:00:13', '2025-04-28 16:00:13'),
(1232, 47, '2025-05-19 12:50:00', NULL, 25, NULL, 'v', NULL, '2025-04-28 16:00:13', '2025-04-28 16:00:13'),
(1233, 47, '2025-05-20 07:00:00', NULL, 26, NULL, 'v', NULL, '2025-04-28 16:00:13', '2025-04-28 16:00:13'),
(1234, 47, '2025-05-20 08:00:00', NULL, 26, NULL, 'v', NULL, '2025-04-28 16:00:13', '2025-04-28 16:00:13'),
(1235, 47, '2025-05-20 09:00:00', NULL, 26, NULL, 'v', NULL, '2025-04-28 16:00:13', '2025-04-28 16:00:13'),
(1236, 47, '2025-05-20 10:00:00', NULL, 26, NULL, 'v', NULL, '2025-04-28 16:00:13', '2025-04-28 16:00:13'),
(1237, 47, '2025-05-20 11:00:00', NULL, 26, NULL, 'v', NULL, '2025-04-28 16:00:13', '2025-04-28 16:00:13'),
(1238, 47, '2025-05-20 12:00:00', NULL, 26, NULL, 'v', NULL, '2025-04-28 16:00:13', '2025-04-28 16:00:13'),
(1239, 47, '2025-05-20 13:00:00', NULL, 26, NULL, 'v', NULL, '2025-04-28 16:00:13', '2025-04-28 16:00:13'),
(1240, 47, '2025-05-26 07:00:00', NULL, 29, NULL, 'v', NULL, '2025-04-28 16:00:13', '2025-04-28 16:00:13'),
(1241, 47, '2025-05-26 08:10:00', NULL, 29, NULL, 'v', NULL, '2025-04-28 16:00:13', '2025-04-28 16:00:13'),
(1242, 47, '2025-05-26 09:20:00', NULL, 29, NULL, 'v', NULL, '2025-04-28 16:00:13', '2025-04-28 16:00:13'),
(1243, 47, '2025-05-26 10:30:00', NULL, 29, NULL, 'v', NULL, '2025-04-28 16:00:13', '2025-04-28 16:00:13'),
(1244, 47, '2025-05-26 11:40:00', NULL, 29, NULL, 'v', NULL, '2025-04-28 16:00:13', '2025-04-28 16:00:13'),
(1245, 47, '2025-05-26 12:50:00', NULL, 29, NULL, 'v', NULL, '2025-04-28 16:00:13', '2025-04-28 16:00:13'),
(1246, 47, '2025-05-27 07:00:00', NULL, 30, NULL, 'v', NULL, '2025-04-28 16:00:13', '2025-04-28 16:00:13'),
(1247, 47, '2025-05-27 08:00:00', NULL, 30, NULL, 'v', NULL, '2025-04-28 16:00:13', '2025-04-28 16:00:13'),
(1248, 47, '2025-05-27 09:00:00', NULL, 30, NULL, 'v', NULL, '2025-04-28 16:00:13', '2025-04-28 16:00:13'),
(1249, 47, '2025-05-27 10:00:00', NULL, 30, NULL, 'v', NULL, '2025-04-28 16:00:13', '2025-04-28 16:00:13'),
(1250, 47, '2025-05-27 11:00:00', NULL, 30, NULL, 'v', NULL, '2025-04-28 16:00:13', '2025-04-28 16:00:13'),
(1251, 47, '2025-05-27 12:00:00', NULL, 30, NULL, 'v', NULL, '2025-04-28 16:00:13', '2025-04-28 16:00:13'),
(1252, 47, '2025-05-27 13:00:00', NULL, 30, NULL, 'v', NULL, '2025-04-28 16:00:13', '2025-04-28 16:00:13'),
(1253, 47, '2025-04-07 09:53:00', 2, 26, 'A kezelés során szövődmény nem lépett fel, teljes felépülés várható.', 'd', NULL, '2025-04-28 16:00:13', '2025-04-28 16:00:13'),
(1254, 48, '2025-04-28 07:00:00', NULL, 36, NULL, 'v', NULL, '2025-04-28 16:00:13', '2025-04-28 16:00:13'),
(1255, 48, '2025-04-28 08:40:00', NULL, 36, NULL, 'v', NULL, '2025-04-28 16:00:13', '2025-04-28 16:00:13'),
(1256, 48, '2025-04-28 10:20:00', NULL, 36, NULL, 'v', NULL, '2025-04-28 16:00:13', '2025-04-28 16:00:13'),
(1257, 48, '2025-04-28 12:00:00', NULL, 36, NULL, 'v', NULL, '2025-04-28 16:00:13', '2025-04-28 16:00:13'),
(1258, 48, '2025-04-29 13:00:00', NULL, 33, NULL, 'v', NULL, '2025-04-28 16:00:13', '2025-04-28 16:00:13'),
(1259, 48, '2025-04-29 14:10:00', NULL, 33, NULL, 'v', NULL, '2025-04-28 16:00:13', '2025-04-28 16:00:13'),
(1260, 48, '2025-04-29 15:20:00', NULL, 33, NULL, 'v', NULL, '2025-04-28 16:00:13', '2025-04-28 16:00:13'),
(1261, 48, '2025-04-29 16:30:00', NULL, 33, NULL, 'v', NULL, '2025-04-28 16:00:13', '2025-04-28 16:00:13'),
(1262, 48, '2025-05-05 07:00:00', NULL, 32, NULL, 'v', NULL, '2025-04-28 16:00:13', '2025-04-28 16:00:13'),
(1263, 48, '2025-05-05 08:10:00', NULL, 32, NULL, 'v', NULL, '2025-04-28 16:00:13', '2025-04-28 16:00:13'),
(1264, 48, '2025-05-05 09:20:00', NULL, 32, NULL, 'v', NULL, '2025-04-28 16:00:13', '2025-04-28 16:00:13'),
(1265, 48, '2025-05-05 10:30:00', NULL, 32, NULL, 'v', NULL, '2025-04-28 16:00:13', '2025-04-28 16:00:13'),
(1266, 48, '2025-05-05 11:40:00', NULL, 32, NULL, 'v', NULL, '2025-04-28 16:00:13', '2025-04-28 16:00:13'),
(1267, 48, '2025-05-05 12:50:00', NULL, 32, NULL, 'v', NULL, '2025-04-28 16:00:13', '2025-04-28 16:00:13'),
(1268, 48, '2025-05-06 07:00:00', NULL, 34, NULL, 'v', NULL, '2025-04-28 16:00:13', '2025-04-28 16:00:13'),
(1269, 48, '2025-05-06 08:00:00', NULL, 34, NULL, 'v', NULL, '2025-04-28 16:00:13', '2025-04-28 16:00:13'),
(1270, 48, '2025-05-06 09:00:00', NULL, 34, NULL, 'v', NULL, '2025-04-28 16:00:13', '2025-04-28 16:00:13'),
(1271, 48, '2025-05-06 10:00:00', NULL, 34, NULL, 'v', NULL, '2025-04-28 16:00:13', '2025-04-28 16:00:13'),
(1272, 48, '2025-05-06 11:00:00', NULL, 34, NULL, 'v', NULL, '2025-04-28 16:00:13', '2025-04-28 16:00:13'),
(1273, 48, '2025-05-06 12:00:00', NULL, 34, NULL, 'v', NULL, '2025-04-28 16:00:13', '2025-04-28 16:00:13'),
(1274, 48, '2025-05-06 13:00:00', NULL, 34, NULL, 'v', NULL, '2025-04-28 16:00:13', '2025-04-28 16:00:13'),
(1275, 48, '2025-05-13 07:00:00', NULL, 32, NULL, 'v', NULL, '2025-04-28 16:00:13', '2025-04-28 16:00:13'),
(1276, 48, '2025-05-13 08:10:00', NULL, 32, NULL, 'v', NULL, '2025-04-28 16:00:13', '2025-04-28 16:00:13'),
(1277, 48, '2025-05-13 09:20:00', NULL, 32, NULL, 'v', NULL, '2025-04-28 16:00:13', '2025-04-28 16:00:13'),
(1278, 48, '2025-05-13 10:30:00', NULL, 32, NULL, 'v', NULL, '2025-04-28 16:00:13', '2025-04-28 16:00:13'),
(1279, 48, '2025-05-13 11:40:00', NULL, 32, NULL, 'v', NULL, '2025-04-28 16:00:13', '2025-04-28 16:00:13'),
(1280, 48, '2025-05-13 12:50:00', NULL, 32, NULL, 'v', NULL, '2025-04-28 16:00:13', '2025-04-28 16:00:13'),
(1281, 48, '2025-05-14 13:00:00', NULL, 36, NULL, 'v', NULL, '2025-04-28 16:00:13', '2025-04-28 16:00:13'),
(1282, 48, '2025-05-14 14:40:00', NULL, 36, NULL, 'v', NULL, '2025-04-28 16:00:13', '2025-04-28 16:00:13'),
(1283, 48, '2025-05-14 16:20:00', NULL, 36, NULL, 'v', NULL, '2025-04-28 16:00:13', '2025-04-28 16:00:13'),
(1284, 48, '2025-05-19 13:00:00', NULL, 36, NULL, 'v', NULL, '2025-04-28 16:00:13', '2025-04-28 16:00:13'),
(1285, 48, '2025-05-19 14:40:00', NULL, 36, NULL, 'v', NULL, '2025-04-28 16:00:13', '2025-04-28 16:00:13'),
(1286, 48, '2025-05-19 16:20:00', NULL, 36, NULL, 'v', NULL, '2025-04-28 16:00:13', '2025-04-28 16:00:13'),
(1287, 48, '2025-05-21 07:00:00', NULL, 32, NULL, 'v', NULL, '2025-04-28 16:00:13', '2025-04-28 16:00:13'),
(1288, 48, '2025-05-21 08:10:00', NULL, 32, NULL, 'v', NULL, '2025-04-28 16:00:13', '2025-04-28 16:00:13'),
(1289, 48, '2025-05-21 09:20:00', NULL, 32, NULL, 'v', NULL, '2025-04-28 16:00:13', '2025-04-28 16:00:13'),
(1290, 48, '2025-05-21 10:30:00', NULL, 32, NULL, 'v', NULL, '2025-04-28 16:00:13', '2025-04-28 16:00:13'),
(1291, 48, '2025-05-21 11:40:00', NULL, 32, NULL, 'v', NULL, '2025-04-28 16:00:13', '2025-04-28 16:00:13'),
(1292, 48, '2025-05-21 12:50:00', NULL, 32, NULL, 'v', NULL, '2025-04-28 16:00:13', '2025-04-28 16:00:13'),
(1293, 48, '2025-05-26 07:00:00', NULL, 31, NULL, 'v', NULL, '2025-04-28 16:00:13', '2025-04-28 16:00:13'),
(1294, 48, '2025-05-26 07:55:00', NULL, 31, NULL, 'v', NULL, '2025-04-28 16:00:13', '2025-04-28 16:00:13'),
(1295, 48, '2025-05-26 08:50:00', NULL, 31, NULL, 'v', NULL, '2025-04-28 16:00:13', '2025-04-28 16:00:13'),
(1296, 48, '2025-05-26 09:45:00', NULL, 31, NULL, 'v', NULL, '2025-04-28 16:00:13', '2025-04-28 16:00:13'),
(1297, 48, '2025-05-26 10:40:00', NULL, 31, NULL, 'v', NULL, '2025-04-28 16:00:13', '2025-04-28 16:00:13'),
(1298, 48, '2025-05-26 11:35:00', NULL, 31, NULL, 'v', NULL, '2025-04-28 16:00:13', '2025-04-28 16:00:13'),
(1299, 48, '2025-05-26 12:30:00', NULL, 31, NULL, 'v', NULL, '2025-04-28 16:00:13', '2025-04-28 16:00:13'),
(1300, 48, '2025-05-27 07:00:00', NULL, 36, NULL, 'v', NULL, '2025-04-28 16:00:13', '2025-04-28 16:00:13'),
(1301, 48, '2025-05-27 08:40:00', NULL, 36, NULL, 'v', NULL, '2025-04-28 16:00:13', '2025-04-28 16:00:13'),
(1302, 48, '2025-05-27 10:20:00', NULL, 36, NULL, 'v', NULL, '2025-04-28 16:00:13', '2025-04-28 16:00:13'),
(1303, 48, '2025-05-27 12:00:00', NULL, 36, NULL, 'v', NULL, '2025-04-28 16:00:13', '2025-04-28 16:00:13'),
(1304, 48, '2025-04-17 11:33:00', 22, 36, 'A beteg fizikai állapota javult, a mozgástartomány nőtt.', 'd', NULL, '2025-04-28 16:00:13', '2025-04-28 16:00:13'),
(1305, 49, '2025-04-28 13:00:00', NULL, 39, NULL, 'v', NULL, '2025-04-28 16:00:13', '2025-04-28 16:00:13'),
(1306, 49, '2025-04-28 13:40:00', NULL, 39, NULL, 'v', NULL, '2025-04-28 16:00:13', '2025-04-28 16:00:13'),
(1307, 49, '2025-04-28 14:20:00', NULL, 39, NULL, 'v', NULL, '2025-04-28 16:00:13', '2025-04-28 16:00:13'),
(1308, 49, '2025-04-28 15:00:00', NULL, 39, NULL, 'v', NULL, '2025-04-28 16:00:13', '2025-04-28 16:00:13'),
(1309, 49, '2025-04-28 15:40:00', NULL, 39, NULL, 'v', NULL, '2025-04-28 16:00:13', '2025-04-28 16:00:13'),
(1310, 49, '2025-04-28 16:20:00', NULL, 39, NULL, 'v', NULL, '2025-04-28 16:00:13', '2025-04-28 16:00:13'),
(1311, 49, '2025-04-28 17:00:00', NULL, 39, NULL, 'v', NULL, '2025-04-28 16:00:13', '2025-04-28 16:00:13'),
(1312, 49, '2025-04-29 07:00:00', NULL, 40, NULL, 'v', NULL, '2025-04-28 16:00:13', '2025-04-28 16:00:13'),
(1313, 49, '2025-04-29 07:55:00', NULL, 40, NULL, 'v', NULL, '2025-04-28 16:00:13', '2025-04-28 16:00:13'),
(1314, 49, '2025-04-29 08:50:00', NULL, 40, NULL, 'v', NULL, '2025-04-28 16:00:13', '2025-04-28 16:00:13'),
(1315, 49, '2025-04-29 09:45:00', NULL, 40, NULL, 'v', NULL, '2025-04-28 16:00:13', '2025-04-28 16:00:13'),
(1316, 49, '2025-04-29 10:40:00', NULL, 40, NULL, 'v', NULL, '2025-04-28 16:00:13', '2025-04-28 16:00:13'),
(1317, 49, '2025-04-29 11:35:00', NULL, 40, NULL, 'v', NULL, '2025-04-28 16:00:13', '2025-04-28 16:00:13'),
(1318, 49, '2025-04-29 12:30:00', NULL, 40, NULL, 'v', NULL, '2025-04-28 16:00:13', '2025-04-28 16:00:13'),
(1319, 49, '2025-05-06 13:00:00', NULL, 38, NULL, 'v', NULL, '2025-04-28 16:00:13', '2025-04-28 16:00:13'),
(1320, 49, '2025-05-06 13:50:00', NULL, 38, NULL, 'v', NULL, '2025-04-28 16:00:13', '2025-04-28 16:00:13'),
(1321, 49, '2025-05-06 14:40:00', NULL, 38, NULL, 'v', NULL, '2025-04-28 16:00:13', '2025-04-28 16:00:13'),
(1322, 49, '2025-05-06 15:30:00', NULL, 38, NULL, 'v', NULL, '2025-04-28 16:00:13', '2025-04-28 16:00:13'),
(1323, 49, '2025-05-06 16:20:00', NULL, 38, NULL, 'v', NULL, '2025-04-28 16:00:13', '2025-04-28 16:00:13'),
(1324, 49, '2025-05-06 17:10:00', NULL, 38, NULL, 'v', NULL, '2025-04-28 16:00:13', '2025-04-28 16:00:13'),
(1325, 49, '2025-05-07 13:00:00', NULL, 41, NULL, 'v', NULL, '2025-04-28 16:00:13', '2025-04-28 16:00:13'),
(1326, 49, '2025-05-07 14:10:00', NULL, 41, NULL, 'v', NULL, '2025-04-28 16:00:13', '2025-04-28 16:00:13'),
(1327, 49, '2025-05-07 15:20:00', NULL, 41, NULL, 'v', NULL, '2025-04-28 16:00:13', '2025-04-28 16:00:13'),
(1328, 49, '2025-05-07 16:30:00', NULL, 41, NULL, 'v', NULL, '2025-04-28 16:00:13', '2025-04-28 16:00:13'),
(1329, 49, '2025-05-13 07:00:00', NULL, 38, NULL, 'v', NULL, '2025-04-28 16:00:13', '2025-04-28 16:00:13'),
(1330, 49, '2025-05-13 07:50:00', NULL, 38, NULL, 'v', NULL, '2025-04-28 16:00:13', '2025-04-28 16:00:13'),
(1331, 49, '2025-05-13 08:40:00', NULL, 38, NULL, 'v', NULL, '2025-04-28 16:00:13', '2025-04-28 16:00:13'),
(1332, 49, '2025-05-13 09:30:00', NULL, 38, NULL, 'v', NULL, '2025-04-28 16:00:13', '2025-04-28 16:00:13'),
(1333, 49, '2025-05-13 10:20:00', NULL, 38, NULL, 'v', NULL, '2025-04-28 16:00:13', '2025-04-28 16:00:13'),
(1334, 49, '2025-05-13 11:10:00', NULL, 38, NULL, 'v', NULL, '2025-04-28 16:00:13', '2025-04-28 16:00:13'),
(1335, 49, '2025-05-13 12:00:00', NULL, 38, NULL, 'v', NULL, '2025-04-28 16:00:13', '2025-04-28 16:00:13'),
(1336, 49, '2025-05-13 12:50:00', NULL, 38, NULL, 'v', NULL, '2025-04-28 16:00:13', '2025-04-28 16:00:13'),
(1337, 49, '2025-05-14 13:00:00', NULL, 37, NULL, 'v', NULL, '2025-04-28 16:00:13', '2025-04-28 16:00:13'),
(1338, 49, '2025-05-14 14:10:00', NULL, 37, NULL, 'v', NULL, '2025-04-28 16:00:13', '2025-04-28 16:00:13'),
(1339, 49, '2025-05-14 15:20:00', NULL, 37, NULL, 'v', NULL, '2025-04-28 16:00:13', '2025-04-28 16:00:13'),
(1340, 49, '2025-05-14 16:30:00', NULL, 37, NULL, 'v', NULL, '2025-04-28 16:00:13', '2025-04-28 16:00:13'),
(1341, 49, '2025-05-19 07:00:00', NULL, 42, NULL, 'v', NULL, '2025-04-28 16:00:13', '2025-04-28 16:00:13'),
(1342, 49, '2025-05-19 07:40:00', NULL, 42, NULL, 'v', NULL, '2025-04-28 16:00:13', '2025-04-28 16:00:13'),
(1343, 49, '2025-05-19 08:20:00', NULL, 42, NULL, 'v', NULL, '2025-04-28 16:00:13', '2025-04-28 16:00:13'),
(1344, 49, '2025-05-19 09:00:00', NULL, 42, NULL, 'v', NULL, '2025-04-28 16:00:13', '2025-04-28 16:00:13'),
(1345, 49, '2025-05-19 09:40:00', NULL, 42, NULL, 'v', NULL, '2025-04-28 16:00:13', '2025-04-28 16:00:13'),
(1346, 49, '2025-05-19 10:20:00', NULL, 42, NULL, 'v', NULL, '2025-04-28 16:00:13', '2025-04-28 16:00:13'),
(1347, 49, '2025-05-19 11:00:00', NULL, 42, NULL, 'v', NULL, '2025-04-28 16:00:13', '2025-04-28 16:00:13'),
(1348, 49, '2025-05-19 11:40:00', NULL, 42, NULL, 'v', NULL, '2025-04-28 16:00:13', '2025-04-28 16:00:13'),
(1349, 49, '2025-05-19 12:20:00', NULL, 42, NULL, 'v', NULL, '2025-04-28 16:00:13', '2025-04-28 16:00:13'),
(1350, 49, '2025-05-19 13:00:00', NULL, 42, NULL, 'v', NULL, '2025-04-28 16:00:13', '2025-04-28 16:00:13'),
(1351, 49, '2025-05-20 07:00:00', NULL, 42, NULL, 'v', NULL, '2025-04-28 16:00:13', '2025-04-28 16:00:13'),
(1352, 49, '2025-05-20 07:40:00', NULL, 42, NULL, 'v', NULL, '2025-04-28 16:00:13', '2025-04-28 16:00:13'),
(1353, 49, '2025-05-20 08:20:00', NULL, 42, NULL, 'v', NULL, '2025-04-28 16:00:13', '2025-04-28 16:00:13'),
(1354, 49, '2025-05-20 09:00:00', NULL, 42, NULL, 'v', NULL, '2025-04-28 16:00:13', '2025-04-28 16:00:13'),
(1355, 49, '2025-05-20 09:40:00', NULL, 42, NULL, 'v', NULL, '2025-04-28 16:00:13', '2025-04-28 16:00:13'),
(1356, 49, '2025-05-20 10:20:00', NULL, 42, NULL, 'v', NULL, '2025-04-28 16:00:13', '2025-04-28 16:00:13'),
(1357, 49, '2025-05-20 11:00:00', NULL, 42, NULL, 'v', NULL, '2025-04-28 16:00:13', '2025-04-28 16:00:13'),
(1358, 49, '2025-05-20 11:40:00', NULL, 42, NULL, 'v', NULL, '2025-04-28 16:00:13', '2025-04-28 16:00:13'),
(1359, 49, '2025-05-20 12:20:00', NULL, 42, NULL, 'v', NULL, '2025-04-28 16:00:13', '2025-04-28 16:00:13'),
(1360, 49, '2025-05-20 13:00:00', NULL, 42, NULL, 'v', NULL, '2025-04-28 16:00:13', '2025-04-28 16:00:13'),
(1361, 49, '2025-05-26 07:00:00', NULL, 39, NULL, 'v', NULL, '2025-04-28 16:00:13', '2025-04-28 16:00:13'),
(1362, 49, '2025-05-26 07:40:00', NULL, 39, NULL, 'v', NULL, '2025-04-28 16:00:13', '2025-04-28 16:00:13'),
(1363, 49, '2025-05-26 08:20:00', NULL, 39, NULL, 'v', NULL, '2025-04-28 16:00:13', '2025-04-28 16:00:13'),
(1364, 49, '2025-05-26 09:00:00', NULL, 39, NULL, 'v', NULL, '2025-04-28 16:00:13', '2025-04-28 16:00:13'),
(1365, 49, '2025-05-26 09:40:00', NULL, 39, NULL, 'v', NULL, '2025-04-28 16:00:13', '2025-04-28 16:00:13'),
(1366, 49, '2025-05-26 10:20:00', NULL, 39, NULL, 'v', NULL, '2025-04-28 16:00:13', '2025-04-28 16:00:13'),
(1367, 49, '2025-05-26 11:00:00', NULL, 39, NULL, 'v', NULL, '2025-04-28 16:00:13', '2025-04-28 16:00:13'),
(1368, 49, '2025-05-26 11:40:00', NULL, 39, NULL, 'v', NULL, '2025-04-28 16:00:13', '2025-04-28 16:00:13'),
(1369, 49, '2025-05-26 12:20:00', NULL, 39, NULL, 'v', NULL, '2025-04-28 16:00:13', '2025-04-28 16:00:13'),
(1370, 49, '2025-05-26 13:00:00', NULL, 39, NULL, 'v', NULL, '2025-04-28 16:00:13', '2025-04-28 16:00:13'),
(1371, 49, '2025-05-27 13:00:00', NULL, 41, NULL, 'v', NULL, '2025-04-28 16:00:13', '2025-04-28 16:00:13'),
(1372, 49, '2025-05-27 14:10:00', NULL, 41, NULL, 'v', NULL, '2025-04-28 16:00:13', '2025-04-28 16:00:13'),
(1373, 49, '2025-05-27 15:20:00', NULL, 41, NULL, 'v', NULL, '2025-04-28 16:00:13', '2025-04-28 16:00:13'),
(1374, 49, '2025-05-27 16:30:00', NULL, 41, NULL, 'v', NULL, '2025-04-28 16:00:13', '2025-04-28 16:00:13'),
(1375, 49, '2025-04-06 15:37:00', 17, 40, 'A panaszos tünetek csökkentek, további fizioterápia ajánlott.', 'd', NULL, '2025-04-28 16:00:13', '2025-04-28 16:00:13'),
(1376, 50, '2025-04-28 13:00:00', NULL, 53, NULL, 'v', NULL, '2025-04-28 16:00:13', '2025-04-28 16:00:13'),
(1377, 50, '2025-04-28 15:10:00', NULL, 53, NULL, 'v', NULL, '2025-04-28 16:00:13', '2025-04-28 16:00:13'),
(1378, 50, '2025-04-29 13:00:00', NULL, 50, NULL, 'v', NULL, '2025-04-28 16:00:13', '2025-04-28 16:00:13'),
(1379, 50, '2025-04-29 13:40:00', NULL, 50, NULL, 'v', NULL, '2025-04-28 16:00:13', '2025-04-28 16:00:13'),
(1380, 50, '2025-04-29 14:20:00', NULL, 50, NULL, 'v', NULL, '2025-04-28 16:00:13', '2025-04-28 16:00:13'),
(1381, 50, '2025-04-29 15:00:00', NULL, 50, NULL, 'v', NULL, '2025-04-28 16:00:13', '2025-04-28 16:00:13'),
(1382, 50, '2025-04-29 15:40:00', NULL, 50, NULL, 'v', NULL, '2025-04-28 16:00:13', '2025-04-28 16:00:13'),
(1383, 50, '2025-04-29 16:20:00', NULL, 50, NULL, 'v', NULL, '2025-04-28 16:00:13', '2025-04-28 16:00:13'),
(1384, 50, '2025-04-29 17:00:00', NULL, 50, NULL, 'v', NULL, '2025-04-28 16:00:13', '2025-04-28 16:00:13'),
(1385, 50, '2025-05-05 13:00:00', NULL, 51, NULL, 'v', NULL, '2025-04-28 16:00:13', '2025-04-28 16:00:13'),
(1386, 50, '2025-05-06 07:00:00', NULL, 53, NULL, 'v', NULL, '2025-04-28 16:00:13', '2025-04-28 16:00:13'),
(1387, 50, '2025-05-06 09:10:00', NULL, 53, NULL, 'v', NULL, '2025-04-28 16:00:13', '2025-04-28 16:00:13'),
(1388, 50, '2025-05-06 11:20:00', NULL, 53, NULL, 'v', NULL, '2025-04-28 16:00:13', '2025-04-28 16:00:13'),
(1389, 50, '2025-05-13 13:00:00', NULL, 50, NULL, 'v', NULL, '2025-04-28 16:00:13', '2025-04-28 16:00:13'),
(1390, 50, '2025-05-13 13:40:00', NULL, 50, NULL, 'v', NULL, '2025-04-28 16:00:13', '2025-04-28 16:00:13'),
(1391, 50, '2025-05-13 14:20:00', NULL, 50, NULL, 'v', NULL, '2025-04-28 16:00:13', '2025-04-28 16:00:13'),
(1392, 50, '2025-05-13 15:00:00', NULL, 50, NULL, 'v', NULL, '2025-04-28 16:00:13', '2025-04-28 16:00:13'),
(1393, 50, '2025-05-13 15:40:00', NULL, 50, NULL, 'v', NULL, '2025-04-28 16:00:13', '2025-04-28 16:00:13'),
(1394, 50, '2025-05-13 16:20:00', NULL, 50, NULL, 'v', NULL, '2025-04-28 16:00:13', '2025-04-28 16:00:13'),
(1395, 50, '2025-05-13 17:00:00', NULL, 50, NULL, 'v', NULL, '2025-04-28 16:00:13', '2025-04-28 16:00:13'),
(1396, 50, '2025-05-14 13:00:00', NULL, 53, NULL, 'v', NULL, '2025-04-28 16:00:13', '2025-04-28 16:00:13'),
(1397, 50, '2025-05-14 15:10:00', NULL, 53, NULL, 'v', NULL, '2025-04-28 16:00:13', '2025-04-28 16:00:13'),
(1398, 50, '2025-05-19 07:00:00', NULL, 51, NULL, 'v', NULL, '2025-04-28 16:00:13', '2025-04-28 16:00:13'),
(1399, 50, '2025-05-19 10:10:00', NULL, 51, NULL, 'v', NULL, '2025-04-28 16:00:13', '2025-04-28 16:00:13'),
(1400, 50, '2025-05-20 07:00:00', NULL, 49, NULL, 'v', NULL, '2025-04-28 16:00:13', '2025-04-28 16:00:13'),
(1401, 50, '2025-05-20 09:10:00', NULL, 49, NULL, 'v', NULL, '2025-04-28 16:00:13', '2025-04-28 16:00:13'),
(1402, 50, '2025-05-20 11:20:00', NULL, 49, NULL, 'v', NULL, '2025-04-28 16:00:13', '2025-04-28 16:00:13'),
(1403, 50, '2025-05-26 13:00:00', NULL, 54, NULL, 'v', NULL, '2025-04-28 16:00:13', '2025-04-28 16:00:13'),
(1404, 50, '2025-05-27 13:00:00', NULL, 54, NULL, 'v', NULL, '2025-04-28 16:00:13', '2025-04-28 16:00:13'),
(1405, 50, '2025-04-06 15:14:00', 5, 54, 'Az új gyógyszer jól tolerálható, mellékhatás nem jelentkezett.', 'd', NULL, '2025-04-28 16:00:13', '2025-04-28 16:00:13'),
(1406, 51, '2025-04-28 13:00:00', NULL, 60, NULL, 'v', NULL, '2025-04-28 16:00:13', '2025-04-28 16:00:13'),
(1407, 51, '2025-04-28 15:10:00', NULL, 60, NULL, 'v', NULL, '2025-04-28 16:00:13', '2025-04-28 16:00:13'),
(1408, 51, '2025-04-29 13:00:00', NULL, 56, NULL, 'v', NULL, '2025-04-28 16:00:13', '2025-04-28 16:00:13'),
(1409, 51, '2025-04-29 13:55:00', NULL, 56, NULL, 'v', NULL, '2025-04-28 16:00:13', '2025-04-28 16:00:13'),
(1410, 51, '2025-04-29 14:50:00', NULL, 56, NULL, 'v', NULL, '2025-04-28 16:00:13', '2025-04-28 16:00:13');
INSERT INTO `doctor_appointments` (`id`, `doctor_id`, `start_time`, `patient_id`, `treatment_id`, `description`, `status`, `rating`, `created_at`, `updated_at`) VALUES
(1411, 51, '2025-04-29 15:45:00', NULL, 56, NULL, 'v', NULL, '2025-04-28 16:00:13', '2025-04-28 16:00:13'),
(1412, 51, '2025-04-29 16:40:00', NULL, 56, NULL, 'v', NULL, '2025-04-28 16:00:13', '2025-04-28 16:00:13'),
(1413, 51, '2025-05-05 07:00:00', NULL, 59, NULL, 'v', NULL, '2025-04-28 16:00:13', '2025-04-28 16:00:13'),
(1414, 51, '2025-05-05 08:00:00', NULL, 59, NULL, 'v', NULL, '2025-04-28 16:00:13', '2025-04-28 16:00:13'),
(1415, 51, '2025-05-05 09:00:00', NULL, 59, NULL, 'v', NULL, '2025-04-28 16:00:13', '2025-04-28 16:00:13'),
(1416, 51, '2025-05-05 10:00:00', NULL, 59, NULL, 'v', NULL, '2025-04-28 16:00:13', '2025-04-28 16:00:13'),
(1417, 51, '2025-05-05 11:00:00', NULL, 59, NULL, 'v', NULL, '2025-04-28 16:00:13', '2025-04-28 16:00:13'),
(1418, 51, '2025-05-05 12:00:00', NULL, 59, NULL, 'v', NULL, '2025-04-28 16:00:13', '2025-04-28 16:00:13'),
(1419, 51, '2025-05-05 13:00:00', NULL, 59, NULL, 'v', NULL, '2025-04-28 16:00:13', '2025-04-28 16:00:13'),
(1420, 51, '2025-05-06 13:00:00', NULL, 56, NULL, 'v', NULL, '2025-04-28 16:00:13', '2025-04-28 16:00:13'),
(1421, 51, '2025-05-06 13:55:00', NULL, 56, NULL, 'v', NULL, '2025-04-28 16:00:13', '2025-04-28 16:00:13'),
(1422, 51, '2025-05-06 14:50:00', NULL, 56, NULL, 'v', NULL, '2025-04-28 16:00:13', '2025-04-28 16:00:13'),
(1423, 51, '2025-05-06 15:45:00', NULL, 56, NULL, 'v', NULL, '2025-04-28 16:00:13', '2025-04-28 16:00:13'),
(1424, 51, '2025-05-06 16:40:00', NULL, 56, NULL, 'v', NULL, '2025-04-28 16:00:13', '2025-04-28 16:00:13'),
(1425, 51, '2025-05-12 13:00:00', NULL, 59, NULL, 'v', NULL, '2025-04-28 16:00:13', '2025-04-28 16:00:13'),
(1426, 51, '2025-05-12 14:00:00', NULL, 59, NULL, 'v', NULL, '2025-04-28 16:00:13', '2025-04-28 16:00:13'),
(1427, 51, '2025-05-12 15:00:00', NULL, 59, NULL, 'v', NULL, '2025-04-28 16:00:13', '2025-04-28 16:00:13'),
(1428, 51, '2025-05-12 16:00:00', NULL, 59, NULL, 'v', NULL, '2025-04-28 16:00:13', '2025-04-28 16:00:13'),
(1429, 51, '2025-05-12 17:00:00', NULL, 59, NULL, 'v', NULL, '2025-04-28 16:00:13', '2025-04-28 16:00:13'),
(1430, 51, '2025-05-13 07:00:00', NULL, 58, NULL, 'v', NULL, '2025-04-28 16:00:13', '2025-04-28 16:00:13'),
(1431, 51, '2025-05-13 08:10:00', NULL, 58, NULL, 'v', NULL, '2025-04-28 16:00:13', '2025-04-28 16:00:13'),
(1432, 51, '2025-05-13 09:20:00', NULL, 58, NULL, 'v', NULL, '2025-04-28 16:00:13', '2025-04-28 16:00:13'),
(1433, 51, '2025-05-13 10:30:00', NULL, 58, NULL, 'v', NULL, '2025-04-28 16:00:13', '2025-04-28 16:00:13'),
(1434, 51, '2025-05-13 11:40:00', NULL, 58, NULL, 'v', NULL, '2025-04-28 16:00:13', '2025-04-28 16:00:13'),
(1435, 51, '2025-05-13 12:50:00', NULL, 58, NULL, 'v', NULL, '2025-04-28 16:00:13', '2025-04-28 16:00:13'),
(1436, 51, '2025-05-19 13:00:00', NULL, 60, NULL, 'v', NULL, '2025-04-28 16:00:13', '2025-04-28 16:00:13'),
(1437, 51, '2025-05-19 15:10:00', NULL, 60, NULL, 'v', NULL, '2025-04-28 16:00:13', '2025-04-28 16:00:13'),
(1438, 51, '2025-05-20 07:00:00', NULL, 57, NULL, 'v', NULL, '2025-04-28 16:00:13', '2025-04-28 16:00:13'),
(1439, 51, '2025-05-20 09:10:00', NULL, 57, NULL, 'v', NULL, '2025-04-28 16:00:13', '2025-04-28 16:00:13'),
(1440, 51, '2025-05-20 11:20:00', NULL, 57, NULL, 'v', NULL, '2025-04-28 16:00:13', '2025-04-28 16:00:13'),
(1441, 51, '2025-05-26 13:00:00', NULL, 56, NULL, 'v', NULL, '2025-04-28 16:00:13', '2025-04-28 16:00:13'),
(1442, 51, '2025-05-26 13:55:00', NULL, 56, NULL, 'v', NULL, '2025-04-28 16:00:13', '2025-04-28 16:00:13'),
(1443, 51, '2025-05-26 14:50:00', NULL, 56, NULL, 'v', NULL, '2025-04-28 16:00:13', '2025-04-28 16:00:13'),
(1444, 51, '2025-05-26 15:45:00', NULL, 56, NULL, 'v', NULL, '2025-04-28 16:00:13', '2025-04-28 16:00:13'),
(1445, 51, '2025-05-26 16:40:00', NULL, 56, NULL, 'v', NULL, '2025-04-28 16:00:13', '2025-04-28 16:00:13'),
(1446, 51, '2025-05-27 07:00:00', NULL, 60, NULL, 'v', NULL, '2025-04-28 16:00:13', '2025-04-28 16:00:13'),
(1447, 51, '2025-05-27 09:10:00', NULL, 60, NULL, 'v', NULL, '2025-04-28 16:00:13', '2025-04-28 16:00:13'),
(1448, 51, '2025-05-27 11:20:00', NULL, 60, NULL, 'v', NULL, '2025-04-28 16:00:13', '2025-04-28 16:00:13'),
(1449, 51, '2025-04-04 15:29:00', 21, 55, 'A diagnózis alapján gyógyszeres terápia módosítása történt.', 'd', NULL, '2025-04-28 16:00:13', '2025-04-28 16:00:13'),
(1450, 52, '2025-04-28 13:00:00', NULL, 57, NULL, 'v', NULL, '2025-04-28 16:00:13', '2025-04-28 16:00:13'),
(1451, 52, '2025-04-28 15:10:00', NULL, 57, NULL, 'v', NULL, '2025-04-28 16:00:13', '2025-04-28 16:00:13'),
(1452, 52, '2025-04-29 13:00:00', NULL, 57, NULL, 'v', NULL, '2025-04-28 16:00:13', '2025-04-28 16:00:13'),
(1453, 52, '2025-04-29 15:10:00', NULL, 57, NULL, 'v', NULL, '2025-04-28 16:00:13', '2025-04-28 16:00:13'),
(1454, 52, '2025-05-05 13:00:00', NULL, 56, NULL, 'v', NULL, '2025-04-28 16:00:13', '2025-04-28 16:00:13'),
(1455, 52, '2025-05-05 13:55:00', NULL, 56, NULL, 'v', NULL, '2025-04-28 16:00:13', '2025-04-28 16:00:13'),
(1456, 52, '2025-05-05 14:50:00', NULL, 56, NULL, 'v', NULL, '2025-04-28 16:00:13', '2025-04-28 16:00:13'),
(1457, 52, '2025-05-05 15:45:00', NULL, 56, NULL, 'v', NULL, '2025-04-28 16:00:13', '2025-04-28 16:00:13'),
(1458, 52, '2025-05-05 16:40:00', NULL, 56, NULL, 'v', NULL, '2025-04-28 16:00:13', '2025-04-28 16:00:13'),
(1459, 52, '2025-05-06 07:00:00', NULL, 58, NULL, 'v', NULL, '2025-04-28 16:00:13', '2025-04-28 16:00:13'),
(1460, 52, '2025-05-06 08:10:00', NULL, 58, NULL, 'v', NULL, '2025-04-28 16:00:13', '2025-04-28 16:00:13'),
(1461, 52, '2025-05-06 09:20:00', NULL, 58, NULL, 'v', NULL, '2025-04-28 16:00:13', '2025-04-28 16:00:13'),
(1462, 52, '2025-05-06 10:30:00', NULL, 58, NULL, 'v', NULL, '2025-04-28 16:00:13', '2025-04-28 16:00:13'),
(1463, 52, '2025-05-06 11:40:00', NULL, 58, NULL, 'v', NULL, '2025-04-28 16:00:13', '2025-04-28 16:00:13'),
(1464, 52, '2025-05-06 12:50:00', NULL, 58, NULL, 'v', NULL, '2025-04-28 16:00:13', '2025-04-28 16:00:13'),
(1465, 52, '2025-05-12 07:00:00', NULL, 58, NULL, 'v', NULL, '2025-04-28 16:00:13', '2025-04-28 16:00:13'),
(1466, 52, '2025-05-12 08:10:00', NULL, 58, NULL, 'v', NULL, '2025-04-28 16:00:13', '2025-04-28 16:00:13'),
(1467, 52, '2025-05-12 09:20:00', NULL, 58, NULL, 'v', NULL, '2025-04-28 16:00:13', '2025-04-28 16:00:13'),
(1468, 52, '2025-05-12 10:30:00', NULL, 58, NULL, 'v', NULL, '2025-04-28 16:00:13', '2025-04-28 16:00:13'),
(1469, 52, '2025-05-12 11:40:00', NULL, 58, NULL, 'v', NULL, '2025-04-28 16:00:13', '2025-04-28 16:00:13'),
(1470, 52, '2025-05-12 12:50:00', NULL, 58, NULL, 'v', NULL, '2025-04-28 16:00:13', '2025-04-28 16:00:13'),
(1471, 52, '2025-05-13 07:00:00', NULL, 59, NULL, 'v', NULL, '2025-04-28 16:00:13', '2025-04-28 16:00:13'),
(1472, 52, '2025-05-13 08:00:00', NULL, 59, NULL, 'v', NULL, '2025-04-28 16:00:13', '2025-04-28 16:00:13'),
(1473, 52, '2025-05-13 09:00:00', NULL, 59, NULL, 'v', NULL, '2025-04-28 16:00:13', '2025-04-28 16:00:13'),
(1474, 52, '2025-05-13 10:00:00', NULL, 59, NULL, 'v', NULL, '2025-04-28 16:00:13', '2025-04-28 16:00:13'),
(1475, 52, '2025-05-13 11:00:00', NULL, 59, NULL, 'v', NULL, '2025-04-28 16:00:13', '2025-04-28 16:00:13'),
(1476, 52, '2025-05-13 12:00:00', NULL, 59, NULL, 'v', NULL, '2025-04-28 16:00:13', '2025-04-28 16:00:13'),
(1477, 52, '2025-05-13 13:00:00', NULL, 59, NULL, 'v', NULL, '2025-04-28 16:00:13', '2025-04-28 16:00:13'),
(1478, 52, '2025-05-19 13:00:00', NULL, 59, NULL, 'v', NULL, '2025-04-28 16:00:13', '2025-04-28 16:00:13'),
(1479, 52, '2025-05-19 14:00:00', NULL, 59, NULL, 'v', NULL, '2025-04-28 16:00:13', '2025-04-28 16:00:13'),
(1480, 52, '2025-05-19 15:00:00', NULL, 59, NULL, 'v', NULL, '2025-04-28 16:00:13', '2025-04-28 16:00:13'),
(1481, 52, '2025-05-19 16:00:00', NULL, 59, NULL, 'v', NULL, '2025-04-28 16:00:13', '2025-04-28 16:00:13'),
(1482, 52, '2025-05-19 17:00:00', NULL, 59, NULL, 'v', NULL, '2025-04-28 16:00:13', '2025-04-28 16:00:13'),
(1483, 52, '2025-05-21 07:00:00', NULL, 57, NULL, 'v', NULL, '2025-04-28 16:00:13', '2025-04-28 16:00:13'),
(1484, 52, '2025-05-21 09:10:00', NULL, 57, NULL, 'v', NULL, '2025-04-28 16:00:13', '2025-04-28 16:00:13'),
(1485, 52, '2025-05-21 11:20:00', NULL, 57, NULL, 'v', NULL, '2025-04-28 16:00:13', '2025-04-28 16:00:13'),
(1486, 52, '2025-05-26 13:00:00', NULL, 58, NULL, 'v', NULL, '2025-04-28 16:00:13', '2025-04-28 16:00:13'),
(1487, 52, '2025-05-26 14:10:00', NULL, 58, NULL, 'v', NULL, '2025-04-28 16:00:13', '2025-04-28 16:00:13'),
(1488, 52, '2025-05-26 15:20:00', NULL, 58, NULL, 'v', NULL, '2025-04-28 16:00:13', '2025-04-28 16:00:13'),
(1489, 52, '2025-05-26 16:30:00', NULL, 58, NULL, 'v', NULL, '2025-04-28 16:00:13', '2025-04-28 16:00:13'),
(1490, 52, '2025-05-27 07:00:00', NULL, 59, NULL, 'v', NULL, '2025-04-28 16:00:13', '2025-04-28 16:00:13'),
(1491, 52, '2025-05-27 08:00:00', NULL, 59, NULL, 'v', NULL, '2025-04-28 16:00:13', '2025-04-28 16:00:13'),
(1492, 52, '2025-05-27 09:00:00', NULL, 59, NULL, 'v', NULL, '2025-04-28 16:00:13', '2025-04-28 16:00:13'),
(1493, 52, '2025-05-27 10:00:00', NULL, 59, NULL, 'v', NULL, '2025-04-28 16:00:13', '2025-04-28 16:00:13'),
(1494, 52, '2025-05-27 11:00:00', NULL, 59, NULL, 'v', NULL, '2025-04-28 16:00:13', '2025-04-28 16:00:13'),
(1495, 52, '2025-05-27 12:00:00', NULL, 59, NULL, 'v', NULL, '2025-04-28 16:00:13', '2025-04-28 16:00:13'),
(1496, 52, '2025-05-27 13:00:00', NULL, 59, NULL, 'v', NULL, '2025-04-28 16:00:13', '2025-04-28 16:00:13'),
(1497, 52, '2025-04-24 13:51:00', 21, 55, 'A páciens instrukciókat kapott az otthoni ápolásra vonatkozóan.', 'd', NULL, '2025-04-28 16:00:13', '2025-04-28 16:00:13'),
(1498, 53, '2025-04-28 07:00:00', NULL, 62, NULL, 'v', NULL, '2025-04-28 16:00:13', '2025-04-28 16:00:13'),
(1499, 53, '2025-04-28 08:10:00', NULL, 62, NULL, 'v', NULL, '2025-04-28 16:00:13', '2025-04-28 16:00:13'),
(1500, 53, '2025-04-28 09:20:00', NULL, 62, NULL, 'v', NULL, '2025-04-28 16:00:13', '2025-04-28 16:00:13'),
(1501, 53, '2025-04-28 10:30:00', NULL, 62, NULL, 'v', NULL, '2025-04-28 16:00:13', '2025-04-28 16:00:13'),
(1502, 53, '2025-04-28 11:40:00', NULL, 62, NULL, 'v', NULL, '2025-04-28 16:00:13', '2025-04-28 16:00:13'),
(1503, 53, '2025-04-28 12:50:00', NULL, 62, NULL, 'v', NULL, '2025-04-28 16:00:13', '2025-04-28 16:00:13'),
(1504, 53, '2025-04-29 07:00:00', NULL, 61, NULL, 'v', NULL, '2025-04-28 16:00:13', '2025-04-28 16:00:13'),
(1505, 53, '2025-04-29 07:40:00', NULL, 61, NULL, 'v', NULL, '2025-04-28 16:00:13', '2025-04-28 16:00:13'),
(1506, 53, '2025-04-29 08:20:00', NULL, 61, NULL, 'v', NULL, '2025-04-28 16:00:13', '2025-04-28 16:00:13'),
(1507, 53, '2025-04-29 09:00:00', NULL, 61, NULL, 'v', NULL, '2025-04-28 16:00:13', '2025-04-28 16:00:13'),
(1508, 53, '2025-04-29 09:40:00', NULL, 61, NULL, 'v', NULL, '2025-04-28 16:00:13', '2025-04-28 16:00:13'),
(1509, 53, '2025-04-29 10:20:00', NULL, 61, NULL, 'v', NULL, '2025-04-28 16:00:13', '2025-04-28 16:00:13'),
(1510, 53, '2025-04-29 11:00:00', NULL, 61, NULL, 'v', NULL, '2025-04-28 16:00:13', '2025-04-28 16:00:13'),
(1511, 53, '2025-04-29 11:40:00', NULL, 61, NULL, 'v', NULL, '2025-04-28 16:00:13', '2025-04-28 16:00:13'),
(1512, 53, '2025-04-29 12:20:00', NULL, 61, NULL, 'v', NULL, '2025-04-28 16:00:13', '2025-04-28 16:00:13'),
(1513, 53, '2025-04-29 13:00:00', NULL, 61, NULL, 'v', NULL, '2025-04-28 16:00:13', '2025-04-28 16:00:13'),
(1514, 53, '2025-05-05 07:00:00', NULL, 63, NULL, 'v', NULL, '2025-04-28 16:00:13', '2025-04-28 16:00:13'),
(1515, 53, '2025-05-05 07:30:00', NULL, 63, NULL, 'v', NULL, '2025-04-28 16:00:13', '2025-04-28 16:00:13'),
(1516, 53, '2025-05-05 08:00:00', NULL, 63, NULL, 'v', NULL, '2025-04-28 16:00:13', '2025-04-28 16:00:13'),
(1517, 53, '2025-05-05 08:30:00', NULL, 63, NULL, 'v', NULL, '2025-04-28 16:00:13', '2025-04-28 16:00:13'),
(1518, 53, '2025-05-05 09:00:00', NULL, 63, NULL, 'v', NULL, '2025-04-28 16:00:13', '2025-04-28 16:00:13'),
(1519, 53, '2025-05-05 09:30:00', NULL, 63, NULL, 'v', NULL, '2025-04-28 16:00:13', '2025-04-28 16:00:13'),
(1520, 53, '2025-05-05 10:00:00', NULL, 63, NULL, 'v', NULL, '2025-04-28 16:00:13', '2025-04-28 16:00:13'),
(1521, 53, '2025-05-05 10:30:00', NULL, 63, NULL, 'v', NULL, '2025-04-28 16:00:13', '2025-04-28 16:00:13'),
(1522, 53, '2025-05-05 11:00:00', NULL, 63, NULL, 'v', NULL, '2025-04-28 16:00:13', '2025-04-28 16:00:13'),
(1523, 53, '2025-05-05 11:30:00', NULL, 63, NULL, 'v', NULL, '2025-04-28 16:00:13', '2025-04-28 16:00:13'),
(1524, 53, '2025-05-05 12:00:00', NULL, 63, NULL, 'v', NULL, '2025-04-28 16:00:13', '2025-04-28 16:00:13'),
(1525, 53, '2025-05-05 12:30:00', NULL, 63, NULL, 'v', NULL, '2025-04-28 16:00:13', '2025-04-28 16:00:13'),
(1526, 53, '2025-05-05 13:00:00', NULL, 63, NULL, 'v', NULL, '2025-04-28 16:00:13', '2025-04-28 16:00:13'),
(1527, 53, '2025-05-05 13:30:00', NULL, 63, NULL, 'v', NULL, '2025-04-28 16:00:13', '2025-04-28 16:00:13'),
(1528, 53, '2025-05-06 07:00:00', NULL, 65, NULL, 'v', NULL, '2025-04-28 16:00:13', '2025-04-28 16:00:13'),
(1529, 53, '2025-05-06 07:25:00', NULL, 65, NULL, 'v', NULL, '2025-04-28 16:00:13', '2025-04-28 16:00:13'),
(1530, 53, '2025-05-06 07:50:00', NULL, 65, NULL, 'v', NULL, '2025-04-28 16:00:13', '2025-04-28 16:00:13'),
(1531, 53, '2025-05-06 08:15:00', NULL, 65, NULL, 'v', NULL, '2025-04-28 16:00:13', '2025-04-28 16:00:13'),
(1532, 53, '2025-05-06 08:40:00', NULL, 65, NULL, 'v', NULL, '2025-04-28 16:00:13', '2025-04-28 16:00:13'),
(1533, 53, '2025-05-06 09:05:00', NULL, 65, NULL, 'v', NULL, '2025-04-28 16:00:13', '2025-04-28 16:00:13'),
(1534, 53, '2025-05-06 09:30:00', NULL, 65, NULL, 'v', NULL, '2025-04-28 16:00:13', '2025-04-28 16:00:13'),
(1535, 53, '2025-05-06 09:55:00', NULL, 65, NULL, 'v', NULL, '2025-04-28 16:00:13', '2025-04-28 16:00:13'),
(1536, 53, '2025-05-06 10:20:00', NULL, 65, NULL, 'v', NULL, '2025-04-28 16:00:13', '2025-04-28 16:00:13'),
(1537, 53, '2025-05-06 10:45:00', NULL, 65, NULL, 'v', NULL, '2025-04-28 16:00:13', '2025-04-28 16:00:13'),
(1538, 53, '2025-05-06 11:10:00', NULL, 65, NULL, 'v', NULL, '2025-04-28 16:00:13', '2025-04-28 16:00:13'),
(1539, 53, '2025-05-06 11:35:00', NULL, 65, NULL, 'v', NULL, '2025-04-28 16:00:13', '2025-04-28 16:00:13'),
(1540, 53, '2025-05-06 12:00:00', NULL, 65, NULL, 'v', NULL, '2025-04-28 16:00:13', '2025-04-28 16:00:13'),
(1541, 53, '2025-05-06 12:25:00', NULL, 65, NULL, 'v', NULL, '2025-04-28 16:00:13', '2025-04-28 16:00:13'),
(1542, 53, '2025-05-06 12:50:00', NULL, 65, NULL, 'v', NULL, '2025-04-28 16:00:13', '2025-04-28 16:00:13'),
(1543, 53, '2025-05-06 13:15:00', NULL, 65, NULL, 'v', NULL, '2025-04-28 16:00:13', '2025-04-28 16:00:13'),
(1544, 53, '2025-05-06 13:40:00', NULL, 65, NULL, 'v', NULL, '2025-04-28 16:00:13', '2025-04-28 16:00:13'),
(1545, 53, '2025-05-12 07:00:00', NULL, 61, NULL, 'v', NULL, '2025-04-28 16:00:13', '2025-04-28 16:00:13'),
(1546, 53, '2025-05-12 07:40:00', NULL, 61, NULL, 'v', NULL, '2025-04-28 16:00:13', '2025-04-28 16:00:13'),
(1547, 53, '2025-05-12 08:20:00', NULL, 61, NULL, 'v', NULL, '2025-04-28 16:00:13', '2025-04-28 16:00:13'),
(1548, 53, '2025-05-12 09:00:00', NULL, 61, NULL, 'v', NULL, '2025-04-28 16:00:13', '2025-04-28 16:00:13'),
(1549, 53, '2025-05-12 09:40:00', NULL, 61, NULL, 'v', NULL, '2025-04-28 16:00:13', '2025-04-28 16:00:13'),
(1550, 53, '2025-05-12 10:20:00', NULL, 61, NULL, 'v', NULL, '2025-04-28 16:00:13', '2025-04-28 16:00:13'),
(1551, 53, '2025-05-12 11:00:00', NULL, 61, NULL, 'v', NULL, '2025-04-28 16:00:13', '2025-04-28 16:00:13'),
(1552, 53, '2025-05-12 11:40:00', NULL, 61, NULL, 'v', NULL, '2025-04-28 16:00:13', '2025-04-28 16:00:13'),
(1553, 53, '2025-05-12 12:20:00', NULL, 61, NULL, 'v', NULL, '2025-04-28 16:00:13', '2025-04-28 16:00:13'),
(1554, 53, '2025-05-12 13:00:00', NULL, 61, NULL, 'v', NULL, '2025-04-28 16:00:13', '2025-04-28 16:00:13'),
(1555, 53, '2025-05-13 13:00:00', NULL, 66, NULL, 'v', NULL, '2025-04-28 16:00:13', '2025-04-28 16:00:13'),
(1556, 53, '2025-05-13 13:40:00', NULL, 66, NULL, 'v', NULL, '2025-04-28 16:00:13', '2025-04-28 16:00:13'),
(1557, 53, '2025-05-13 14:20:00', NULL, 66, NULL, 'v', NULL, '2025-04-28 16:00:13', '2025-04-28 16:00:13'),
(1558, 53, '2025-05-13 15:00:00', NULL, 66, NULL, 'v', NULL, '2025-04-28 16:00:13', '2025-04-28 16:00:13'),
(1559, 53, '2025-05-13 15:40:00', NULL, 66, NULL, 'v', NULL, '2025-04-28 16:00:13', '2025-04-28 16:00:13'),
(1560, 53, '2025-05-13 16:20:00', NULL, 66, NULL, 'v', NULL, '2025-04-28 16:00:13', '2025-04-28 16:00:13'),
(1561, 53, '2025-05-13 17:00:00', NULL, 66, NULL, 'v', NULL, '2025-04-28 16:00:13', '2025-04-28 16:00:13'),
(1562, 53, '2025-05-20 13:00:00', NULL, 66, NULL, 'v', NULL, '2025-04-28 16:00:13', '2025-04-28 16:00:13'),
(1563, 53, '2025-05-20 13:40:00', NULL, 66, NULL, 'v', NULL, '2025-04-28 16:00:13', '2025-04-28 16:00:13'),
(1564, 53, '2025-05-20 14:20:00', NULL, 66, NULL, 'v', NULL, '2025-04-28 16:00:13', '2025-04-28 16:00:13'),
(1565, 53, '2025-05-20 15:00:00', NULL, 66, NULL, 'v', NULL, '2025-04-28 16:00:13', '2025-04-28 16:00:13'),
(1566, 53, '2025-05-20 15:40:00', NULL, 66, NULL, 'v', NULL, '2025-04-28 16:00:13', '2025-04-28 16:00:13'),
(1567, 53, '2025-05-20 16:20:00', NULL, 66, NULL, 'v', NULL, '2025-04-28 16:00:13', '2025-04-28 16:00:13'),
(1568, 53, '2025-05-20 17:00:00', NULL, 66, NULL, 'v', NULL, '2025-04-28 16:00:13', '2025-04-28 16:00:13'),
(1569, 53, '2025-05-21 07:00:00', NULL, 65, NULL, 'v', NULL, '2025-04-28 16:00:13', '2025-04-28 16:00:13'),
(1570, 53, '2025-05-21 07:25:00', NULL, 65, NULL, 'v', NULL, '2025-04-28 16:00:13', '2025-04-28 16:00:13'),
(1571, 53, '2025-05-21 07:50:00', NULL, 65, NULL, 'v', NULL, '2025-04-28 16:00:13', '2025-04-28 16:00:13'),
(1572, 53, '2025-05-21 08:15:00', NULL, 65, NULL, 'v', NULL, '2025-04-28 16:00:13', '2025-04-28 16:00:13'),
(1573, 53, '2025-05-21 08:40:00', NULL, 65, NULL, 'v', NULL, '2025-04-28 16:00:13', '2025-04-28 16:00:13'),
(1574, 53, '2025-05-21 09:05:00', NULL, 65, NULL, 'v', NULL, '2025-04-28 16:00:13', '2025-04-28 16:00:13'),
(1575, 53, '2025-05-21 09:30:00', NULL, 65, NULL, 'v', NULL, '2025-04-28 16:00:13', '2025-04-28 16:00:13'),
(1576, 53, '2025-05-21 09:55:00', NULL, 65, NULL, 'v', NULL, '2025-04-28 16:00:13', '2025-04-28 16:00:13'),
(1577, 53, '2025-05-21 10:20:00', NULL, 65, NULL, 'v', NULL, '2025-04-28 16:00:13', '2025-04-28 16:00:13'),
(1578, 53, '2025-05-21 10:45:00', NULL, 65, NULL, 'v', NULL, '2025-04-28 16:00:13', '2025-04-28 16:00:13'),
(1579, 53, '2025-05-21 11:10:00', NULL, 65, NULL, 'v', NULL, '2025-04-28 16:00:13', '2025-04-28 16:00:13'),
(1580, 53, '2025-05-21 11:35:00', NULL, 65, NULL, 'v', NULL, '2025-04-28 16:00:13', '2025-04-28 16:00:13'),
(1581, 53, '2025-05-21 12:00:00', NULL, 65, NULL, 'v', NULL, '2025-04-28 16:00:13', '2025-04-28 16:00:13'),
(1582, 53, '2025-05-21 12:25:00', NULL, 65, NULL, 'v', NULL, '2025-04-28 16:00:13', '2025-04-28 16:00:13'),
(1583, 53, '2025-05-21 12:50:00', NULL, 65, NULL, 'v', NULL, '2025-04-28 16:00:13', '2025-04-28 16:00:13'),
(1584, 53, '2025-05-21 13:15:00', NULL, 65, NULL, 'v', NULL, '2025-04-28 16:00:13', '2025-04-28 16:00:13'),
(1585, 53, '2025-05-21 13:40:00', NULL, 65, NULL, 'v', NULL, '2025-04-28 16:00:13', '2025-04-28 16:00:13'),
(1586, 53, '2025-05-26 07:00:00', NULL, 65, NULL, 'v', NULL, '2025-04-28 16:00:13', '2025-04-28 16:00:13'),
(1587, 53, '2025-05-26 07:25:00', NULL, 65, NULL, 'v', NULL, '2025-04-28 16:00:13', '2025-04-28 16:00:13'),
(1588, 53, '2025-05-26 07:50:00', NULL, 65, NULL, 'v', NULL, '2025-04-28 16:00:13', '2025-04-28 16:00:13'),
(1589, 53, '2025-05-26 08:15:00', NULL, 65, NULL, 'v', NULL, '2025-04-28 16:00:13', '2025-04-28 16:00:13'),
(1590, 53, '2025-05-26 08:40:00', NULL, 65, NULL, 'v', NULL, '2025-04-28 16:00:13', '2025-04-28 16:00:13'),
(1591, 53, '2025-05-26 09:05:00', NULL, 65, NULL, 'v', NULL, '2025-04-28 16:00:13', '2025-04-28 16:00:13'),
(1592, 53, '2025-05-26 09:30:00', NULL, 65, NULL, 'v', NULL, '2025-04-28 16:00:13', '2025-04-28 16:00:13'),
(1593, 53, '2025-05-26 09:55:00', NULL, 65, NULL, 'v', NULL, '2025-04-28 16:00:13', '2025-04-28 16:00:13'),
(1594, 53, '2025-05-26 10:20:00', NULL, 65, NULL, 'v', NULL, '2025-04-28 16:00:13', '2025-04-28 16:00:13'),
(1595, 53, '2025-05-26 10:45:00', NULL, 65, NULL, 'v', NULL, '2025-04-28 16:00:13', '2025-04-28 16:00:13'),
(1596, 53, '2025-05-26 11:10:00', NULL, 65, NULL, 'v', NULL, '2025-04-28 16:00:13', '2025-04-28 16:00:13'),
(1597, 53, '2025-05-26 11:35:00', NULL, 65, NULL, 'v', NULL, '2025-04-28 16:00:13', '2025-04-28 16:00:13'),
(1598, 53, '2025-05-26 12:00:00', NULL, 65, NULL, 'v', NULL, '2025-04-28 16:00:13', '2025-04-28 16:00:13'),
(1599, 53, '2025-05-26 12:25:00', NULL, 65, NULL, 'v', NULL, '2025-04-28 16:00:13', '2025-04-28 16:00:13'),
(1600, 53, '2025-05-26 12:50:00', NULL, 65, NULL, 'v', NULL, '2025-04-28 16:00:13', '2025-04-28 16:00:13'),
(1601, 53, '2025-05-26 13:15:00', NULL, 65, NULL, 'v', NULL, '2025-04-28 16:00:13', '2025-04-28 16:00:13'),
(1602, 53, '2025-05-26 13:40:00', NULL, 65, NULL, 'v', NULL, '2025-04-28 16:00:13', '2025-04-28 16:00:13'),
(1603, 53, '2025-05-27 07:00:00', NULL, 63, NULL, 'v', NULL, '2025-04-28 16:00:13', '2025-04-28 16:00:13'),
(1604, 53, '2025-05-27 07:30:00', NULL, 63, NULL, 'v', NULL, '2025-04-28 16:00:13', '2025-04-28 16:00:13'),
(1605, 53, '2025-05-27 08:00:00', NULL, 63, NULL, 'v', NULL, '2025-04-28 16:00:13', '2025-04-28 16:00:13'),
(1606, 53, '2025-05-27 08:30:00', NULL, 63, NULL, 'v', NULL, '2025-04-28 16:00:13', '2025-04-28 16:00:13'),
(1607, 53, '2025-05-27 09:00:00', NULL, 63, NULL, 'v', NULL, '2025-04-28 16:00:13', '2025-04-28 16:00:13'),
(1608, 53, '2025-05-27 09:30:00', NULL, 63, NULL, 'v', NULL, '2025-04-28 16:00:13', '2025-04-28 16:00:13'),
(1609, 53, '2025-05-27 10:00:00', NULL, 63, NULL, 'v', NULL, '2025-04-28 16:00:13', '2025-04-28 16:00:13'),
(1610, 53, '2025-05-27 10:30:00', NULL, 63, NULL, 'v', NULL, '2025-04-28 16:00:13', '2025-04-28 16:00:13'),
(1611, 53, '2025-05-27 11:00:00', NULL, 63, NULL, 'v', NULL, '2025-04-28 16:00:13', '2025-04-28 16:00:13'),
(1612, 53, '2025-05-27 11:30:00', NULL, 63, NULL, 'v', NULL, '2025-04-28 16:00:13', '2025-04-28 16:00:13'),
(1613, 53, '2025-05-27 12:00:00', NULL, 63, NULL, 'v', NULL, '2025-04-28 16:00:13', '2025-04-28 16:00:13'),
(1614, 53, '2025-05-27 12:30:00', NULL, 63, NULL, 'v', NULL, '2025-04-28 16:00:13', '2025-04-28 16:00:13'),
(1615, 53, '2025-05-27 13:00:00', NULL, 63, NULL, 'v', NULL, '2025-04-28 16:00:13', '2025-04-28 16:00:13'),
(1616, 53, '2025-05-27 13:30:00', NULL, 63, NULL, 'v', NULL, '2025-04-28 16:00:13', '2025-04-28 16:00:13'),
(1617, 53, '2025-04-08 08:56:00', 59, 66, 'A kezelés során javulás mutatkozott, a terápia folytatása indokolt.', 'd', NULL, '2025-04-28 16:00:13', '2025-04-28 16:00:13'),
(1618, 54, '2025-04-28 07:00:00', NULL, 75, NULL, 'v', NULL, '2025-04-28 16:00:13', '2025-04-28 16:00:13'),
(1619, 54, '2025-04-28 08:10:00', NULL, 75, NULL, 'v', NULL, '2025-04-28 16:00:13', '2025-04-28 16:00:13'),
(1620, 54, '2025-04-28 09:20:00', NULL, 75, NULL, 'v', NULL, '2025-04-28 16:00:13', '2025-04-28 16:00:13'),
(1621, 54, '2025-04-28 10:30:00', NULL, 75, NULL, 'v', NULL, '2025-04-28 16:00:13', '2025-04-28 16:00:13'),
(1622, 54, '2025-04-28 11:40:00', NULL, 75, NULL, 'v', NULL, '2025-04-28 16:00:13', '2025-04-28 16:00:13'),
(1623, 54, '2025-04-28 12:50:00', NULL, 75, NULL, 'v', NULL, '2025-04-28 16:00:13', '2025-04-28 16:00:13'),
(1624, 54, '2025-04-29 13:00:00', NULL, 73, NULL, 'v', NULL, '2025-04-28 16:00:13', '2025-04-28 16:00:13'),
(1625, 54, '2025-04-29 14:00:00', NULL, 73, NULL, 'v', NULL, '2025-04-28 16:00:13', '2025-04-28 16:00:13'),
(1626, 54, '2025-04-29 15:00:00', NULL, 73, NULL, 'v', NULL, '2025-04-28 16:00:13', '2025-04-28 16:00:13'),
(1627, 54, '2025-04-29 16:00:00', NULL, 73, NULL, 'v', NULL, '2025-04-28 16:00:13', '2025-04-28 16:00:13'),
(1628, 54, '2025-04-29 17:00:00', NULL, 73, NULL, 'v', NULL, '2025-04-28 16:00:13', '2025-04-28 16:00:13'),
(1629, 54, '2025-05-05 13:00:00', NULL, 74, NULL, 'v', NULL, '2025-04-28 16:00:13', '2025-04-28 16:00:13'),
(1630, 54, '2025-05-05 13:55:00', NULL, 74, NULL, 'v', NULL, '2025-04-28 16:00:13', '2025-04-28 16:00:13'),
(1631, 54, '2025-05-05 14:50:00', NULL, 74, NULL, 'v', NULL, '2025-04-28 16:00:13', '2025-04-28 16:00:13'),
(1632, 54, '2025-05-05 15:45:00', NULL, 74, NULL, 'v', NULL, '2025-04-28 16:00:13', '2025-04-28 16:00:13'),
(1633, 54, '2025-05-05 16:40:00', NULL, 74, NULL, 'v', NULL, '2025-04-28 16:00:13', '2025-04-28 16:00:13'),
(1634, 54, '2025-05-06 13:00:00', NULL, 75, NULL, 'v', NULL, '2025-04-28 16:00:13', '2025-04-28 16:00:13'),
(1635, 54, '2025-05-06 14:10:00', NULL, 75, NULL, 'v', NULL, '2025-04-28 16:00:13', '2025-04-28 16:00:13'),
(1636, 54, '2025-05-06 15:20:00', NULL, 75, NULL, 'v', NULL, '2025-04-28 16:00:13', '2025-04-28 16:00:13'),
(1637, 54, '2025-05-06 16:30:00', NULL, 75, NULL, 'v', NULL, '2025-04-28 16:00:13', '2025-04-28 16:00:13'),
(1638, 54, '2025-05-12 07:00:00', NULL, 78, NULL, 'v', NULL, '2025-04-28 16:00:13', '2025-04-28 16:00:13'),
(1639, 54, '2025-05-12 08:00:00', NULL, 78, NULL, 'v', NULL, '2025-04-28 16:00:13', '2025-04-28 16:00:13'),
(1640, 54, '2025-05-12 09:00:00', NULL, 78, NULL, 'v', NULL, '2025-04-28 16:00:13', '2025-04-28 16:00:13'),
(1641, 54, '2025-05-12 10:00:00', NULL, 78, NULL, 'v', NULL, '2025-04-28 16:00:13', '2025-04-28 16:00:13'),
(1642, 54, '2025-05-12 11:00:00', NULL, 78, NULL, 'v', NULL, '2025-04-28 16:00:13', '2025-04-28 16:00:13'),
(1643, 54, '2025-05-12 12:00:00', NULL, 78, NULL, 'v', NULL, '2025-04-28 16:00:13', '2025-04-28 16:00:13'),
(1644, 54, '2025-05-12 13:00:00', NULL, 78, NULL, 'v', NULL, '2025-04-28 16:00:13', '2025-04-28 16:00:13'),
(1645, 54, '2025-05-13 07:00:00', NULL, 75, NULL, 'v', NULL, '2025-04-28 16:00:13', '2025-04-28 16:00:13'),
(1646, 54, '2025-05-13 08:10:00', NULL, 75, NULL, 'v', NULL, '2025-04-28 16:00:13', '2025-04-28 16:00:13'),
(1647, 54, '2025-05-13 09:20:00', NULL, 75, NULL, 'v', NULL, '2025-04-28 16:00:13', '2025-04-28 16:00:13'),
(1648, 54, '2025-05-13 10:30:00', NULL, 75, NULL, 'v', NULL, '2025-04-28 16:00:13', '2025-04-28 16:00:13'),
(1649, 54, '2025-05-13 11:40:00', NULL, 75, NULL, 'v', NULL, '2025-04-28 16:00:13', '2025-04-28 16:00:13'),
(1650, 54, '2025-05-13 12:50:00', NULL, 75, NULL, 'v', NULL, '2025-04-28 16:00:13', '2025-04-28 16:00:13'),
(1651, 54, '2025-05-19 13:00:00', NULL, 75, NULL, 'v', NULL, '2025-04-28 16:00:13', '2025-04-28 16:00:13'),
(1652, 54, '2025-05-19 14:10:00', NULL, 75, NULL, 'v', NULL, '2025-04-28 16:00:13', '2025-04-28 16:00:13'),
(1653, 54, '2025-05-19 15:20:00', NULL, 75, NULL, 'v', NULL, '2025-04-28 16:00:13', '2025-04-28 16:00:13'),
(1654, 54, '2025-05-19 16:30:00', NULL, 75, NULL, 'v', NULL, '2025-04-28 16:00:13', '2025-04-28 16:00:13'),
(1655, 54, '2025-05-20 07:00:00', NULL, 74, NULL, 'v', NULL, '2025-04-28 16:00:13', '2025-04-28 16:00:13'),
(1656, 54, '2025-05-20 07:55:00', NULL, 74, NULL, 'v', NULL, '2025-04-28 16:00:13', '2025-04-28 16:00:13'),
(1657, 54, '2025-05-20 08:50:00', NULL, 74, NULL, 'v', NULL, '2025-04-28 16:00:13', '2025-04-28 16:00:13'),
(1658, 54, '2025-05-20 09:45:00', NULL, 74, NULL, 'v', NULL, '2025-04-28 16:00:13', '2025-04-28 16:00:13'),
(1659, 54, '2025-05-20 10:40:00', NULL, 74, NULL, 'v', NULL, '2025-04-28 16:00:13', '2025-04-28 16:00:13'),
(1660, 54, '2025-05-20 11:35:00', NULL, 74, NULL, 'v', NULL, '2025-04-28 16:00:13', '2025-04-28 16:00:13'),
(1661, 54, '2025-05-20 12:30:00', NULL, 74, NULL, 'v', NULL, '2025-04-28 16:00:13', '2025-04-28 16:00:13'),
(1662, 54, '2025-05-26 13:00:00', NULL, 77, NULL, 'v', NULL, '2025-04-28 16:00:13', '2025-04-28 16:00:13'),
(1663, 54, '2025-05-26 14:40:00', NULL, 77, NULL, 'v', NULL, '2025-04-28 16:00:13', '2025-04-28 16:00:13'),
(1664, 54, '2025-05-26 16:20:00', NULL, 77, NULL, 'v', NULL, '2025-04-28 16:00:13', '2025-04-28 16:00:13'),
(1665, 54, '2025-05-27 13:00:00', NULL, 73, NULL, 'v', NULL, '2025-04-28 16:00:13', '2025-04-28 16:00:13'),
(1666, 54, '2025-05-27 14:00:00', NULL, 73, NULL, 'v', NULL, '2025-04-28 16:00:13', '2025-04-28 16:00:13'),
(1667, 54, '2025-05-27 15:00:00', NULL, 73, NULL, 'v', NULL, '2025-04-28 16:00:13', '2025-04-28 16:00:13'),
(1668, 54, '2025-05-27 16:00:00', NULL, 73, NULL, 'v', NULL, '2025-04-28 16:00:13', '2025-04-28 16:00:13'),
(1669, 54, '2025-05-27 17:00:00', NULL, 73, NULL, 'v', NULL, '2025-04-28 16:00:13', '2025-04-28 16:00:13'),
(1670, 54, '2025-04-26 15:50:00', 10, 73, 'A kontrollvizsgálaton kóros eltérés nem észlelhető.', 'd', NULL, '2025-04-28 16:00:13', '2025-04-28 16:00:13'),
(1671, 55, '2025-04-28 13:00:00', NULL, 78, NULL, 'v', NULL, '2025-04-28 16:00:13', '2025-04-28 16:00:13'),
(1672, 55, '2025-04-28 14:00:00', NULL, 78, NULL, 'v', NULL, '2025-04-28 16:00:13', '2025-04-28 16:00:13'),
(1673, 55, '2025-04-28 15:00:00', NULL, 78, NULL, 'v', NULL, '2025-04-28 16:00:13', '2025-04-28 16:00:13'),
(1674, 55, '2025-04-28 16:00:00', NULL, 78, NULL, 'v', NULL, '2025-04-28 16:00:13', '2025-04-28 16:00:13'),
(1675, 55, '2025-04-28 17:00:00', NULL, 78, NULL, 'v', NULL, '2025-04-28 16:00:13', '2025-04-28 16:00:13'),
(1676, 55, '2025-04-29 07:00:00', NULL, 74, NULL, 'v', NULL, '2025-04-28 16:00:13', '2025-04-28 16:00:13'),
(1677, 55, '2025-04-29 07:55:00', NULL, 74, NULL, 'v', NULL, '2025-04-28 16:00:13', '2025-04-28 16:00:13'),
(1678, 55, '2025-04-29 08:50:00', NULL, 74, NULL, 'v', NULL, '2025-04-28 16:00:13', '2025-04-28 16:00:13'),
(1679, 55, '2025-04-29 09:45:00', NULL, 74, NULL, 'v', NULL, '2025-04-28 16:00:13', '2025-04-28 16:00:13'),
(1680, 55, '2025-04-29 10:40:00', NULL, 74, NULL, 'v', NULL, '2025-04-28 16:00:13', '2025-04-28 16:00:13'),
(1681, 55, '2025-04-29 11:35:00', NULL, 74, NULL, 'v', NULL, '2025-04-28 16:00:13', '2025-04-28 16:00:13'),
(1682, 55, '2025-04-29 12:30:00', NULL, 74, NULL, 'v', NULL, '2025-04-28 16:00:13', '2025-04-28 16:00:13'),
(1683, 55, '2025-05-05 13:00:00', NULL, 77, NULL, 'v', NULL, '2025-04-28 16:00:13', '2025-04-28 16:00:13'),
(1684, 55, '2025-05-05 14:40:00', NULL, 77, NULL, 'v', NULL, '2025-04-28 16:00:13', '2025-04-28 16:00:13'),
(1685, 55, '2025-05-05 16:20:00', NULL, 77, NULL, 'v', NULL, '2025-04-28 16:00:13', '2025-04-28 16:00:13'),
(1686, 55, '2025-05-06 13:00:00', NULL, 76, NULL, 'v', NULL, '2025-04-28 16:00:13', '2025-04-28 16:00:13'),
(1687, 55, '2025-05-06 14:10:00', NULL, 76, NULL, 'v', NULL, '2025-04-28 16:00:13', '2025-04-28 16:00:13'),
(1688, 55, '2025-05-06 15:20:00', NULL, 76, NULL, 'v', NULL, '2025-04-28 16:00:13', '2025-04-28 16:00:13'),
(1689, 55, '2025-05-06 16:30:00', NULL, 76, NULL, 'v', NULL, '2025-04-28 16:00:13', '2025-04-28 16:00:13'),
(1690, 55, '2025-05-12 07:00:00', NULL, 76, NULL, 'v', NULL, '2025-04-28 16:00:13', '2025-04-28 16:00:13'),
(1691, 55, '2025-05-12 08:10:00', NULL, 76, NULL, 'v', NULL, '2025-04-28 16:00:13', '2025-04-28 16:00:13'),
(1692, 55, '2025-05-12 09:20:00', NULL, 76, NULL, 'v', NULL, '2025-04-28 16:00:13', '2025-04-28 16:00:13'),
(1693, 55, '2025-05-12 10:30:00', NULL, 76, NULL, 'v', NULL, '2025-04-28 16:00:13', '2025-04-28 16:00:13'),
(1694, 55, '2025-05-12 11:40:00', NULL, 76, NULL, 'v', NULL, '2025-04-28 16:00:13', '2025-04-28 16:00:13'),
(1695, 55, '2025-05-12 12:50:00', NULL, 76, NULL, 'v', NULL, '2025-04-28 16:00:13', '2025-04-28 16:00:13'),
(1696, 55, '2025-05-13 07:00:00', NULL, 74, NULL, 'v', NULL, '2025-04-28 16:00:13', '2025-04-28 16:00:13'),
(1697, 55, '2025-05-13 07:55:00', NULL, 74, NULL, 'v', NULL, '2025-04-28 16:00:13', '2025-04-28 16:00:13'),
(1698, 55, '2025-05-13 08:50:00', NULL, 74, NULL, 'v', NULL, '2025-04-28 16:00:13', '2025-04-28 16:00:13'),
(1699, 55, '2025-05-13 09:45:00', NULL, 74, NULL, 'v', NULL, '2025-04-28 16:00:13', '2025-04-28 16:00:13'),
(1700, 55, '2025-05-13 10:40:00', NULL, 74, NULL, 'v', NULL, '2025-04-28 16:00:13', '2025-04-28 16:00:13'),
(1701, 55, '2025-05-13 11:35:00', NULL, 74, NULL, 'v', NULL, '2025-04-28 16:00:13', '2025-04-28 16:00:13'),
(1702, 55, '2025-05-13 12:30:00', NULL, 74, NULL, 'v', NULL, '2025-04-28 16:00:13', '2025-04-28 16:00:13'),
(1703, 55, '2025-05-19 13:00:00', NULL, 77, NULL, 'v', NULL, '2025-04-28 16:00:13', '2025-04-28 16:00:13'),
(1704, 55, '2025-05-19 14:40:00', NULL, 77, NULL, 'v', NULL, '2025-04-28 16:00:13', '2025-04-28 16:00:13'),
(1705, 55, '2025-05-19 16:20:00', NULL, 77, NULL, 'v', NULL, '2025-04-28 16:00:13', '2025-04-28 16:00:13'),
(1706, 55, '2025-05-20 07:00:00', NULL, 76, NULL, 'v', NULL, '2025-04-28 16:00:13', '2025-04-28 16:00:13'),
(1707, 55, '2025-05-20 08:10:00', NULL, 76, NULL, 'v', NULL, '2025-04-28 16:00:13', '2025-04-28 16:00:13'),
(1708, 55, '2025-05-20 09:20:00', NULL, 76, NULL, 'v', NULL, '2025-04-28 16:00:13', '2025-04-28 16:00:13'),
(1709, 55, '2025-05-20 10:30:00', NULL, 76, NULL, 'v', NULL, '2025-04-28 16:00:13', '2025-04-28 16:00:13'),
(1710, 55, '2025-05-20 11:40:00', NULL, 76, NULL, 'v', NULL, '2025-04-28 16:00:13', '2025-04-28 16:00:13'),
(1711, 55, '2025-05-20 12:50:00', NULL, 76, NULL, 'v', NULL, '2025-04-28 16:00:13', '2025-04-28 16:00:13'),
(1712, 55, '2025-05-26 07:00:00', NULL, 75, NULL, 'v', NULL, '2025-04-28 16:00:13', '2025-04-28 16:00:13'),
(1713, 55, '2025-05-26 08:10:00', NULL, 75, NULL, 'v', NULL, '2025-04-28 16:00:13', '2025-04-28 16:00:13'),
(1714, 55, '2025-05-26 09:20:00', NULL, 75, NULL, 'v', NULL, '2025-04-28 16:00:13', '2025-04-28 16:00:13'),
(1715, 55, '2025-05-26 10:30:00', NULL, 75, NULL, 'v', NULL, '2025-04-28 16:00:13', '2025-04-28 16:00:13'),
(1716, 55, '2025-05-26 11:40:00', NULL, 75, NULL, 'v', NULL, '2025-04-28 16:00:13', '2025-04-28 16:00:13'),
(1717, 55, '2025-05-26 12:50:00', NULL, 75, NULL, 'v', NULL, '2025-04-28 16:00:13', '2025-04-28 16:00:13'),
(1718, 55, '2025-05-28 07:00:00', NULL, 75, NULL, 'v', NULL, '2025-04-28 16:00:13', '2025-04-28 16:00:13'),
(1719, 55, '2025-05-28 08:10:00', NULL, 75, NULL, 'v', NULL, '2025-04-28 16:00:13', '2025-04-28 16:00:13'),
(1720, 55, '2025-05-28 09:20:00', NULL, 75, NULL, 'v', NULL, '2025-04-28 16:00:13', '2025-04-28 16:00:13'),
(1721, 55, '2025-05-28 10:30:00', NULL, 75, NULL, 'v', NULL, '2025-04-28 16:00:13', '2025-04-28 16:00:13'),
(1722, 55, '2025-05-28 11:40:00', NULL, 75, NULL, 'v', NULL, '2025-04-28 16:00:13', '2025-04-28 16:00:13'),
(1723, 55, '2025-05-28 12:50:00', NULL, 75, NULL, 'v', NULL, '2025-04-28 16:00:13', '2025-04-28 16:00:13'),
(1724, 55, '2025-04-27 13:33:00', 15, 75, 'A terápia jól halad, életmódváltás támogatása szükséges.', 'd', NULL, '2025-04-28 16:00:13', '2025-04-28 16:00:13'),
(1725, 56, '2025-04-28 13:00:00', NULL, 79, NULL, 'v', NULL, '2025-04-28 16:00:13', '2025-04-28 16:00:13'),
(1726, 56, '2025-04-28 13:40:00', NULL, 79, NULL, 'v', NULL, '2025-04-28 16:00:13', '2025-04-28 16:00:13'),
(1727, 56, '2025-04-28 14:20:00', NULL, 79, NULL, 'v', NULL, '2025-04-28 16:00:13', '2025-04-28 16:00:13'),
(1728, 56, '2025-04-28 15:00:00', NULL, 79, NULL, 'v', NULL, '2025-04-28 16:00:13', '2025-04-28 16:00:13'),
(1729, 56, '2025-04-28 15:40:00', NULL, 79, NULL, 'v', NULL, '2025-04-28 16:00:13', '2025-04-28 16:00:13'),
(1730, 56, '2025-04-28 16:20:00', NULL, 79, NULL, 'v', NULL, '2025-04-28 16:00:13', '2025-04-28 16:00:13'),
(1731, 56, '2025-04-28 17:00:00', NULL, 79, NULL, 'v', NULL, '2025-04-28 16:00:13', '2025-04-28 16:00:13'),
(1732, 56, '2025-04-29 13:00:00', NULL, 79, NULL, 'v', NULL, '2025-04-28 16:00:13', '2025-04-28 16:00:13'),
(1733, 56, '2025-04-29 13:40:00', NULL, 79, NULL, 'v', NULL, '2025-04-28 16:00:13', '2025-04-28 16:00:13'),
(1734, 56, '2025-04-29 14:20:00', NULL, 79, NULL, 'v', NULL, '2025-04-28 16:00:13', '2025-04-28 16:00:13'),
(1735, 56, '2025-04-29 15:00:00', NULL, 79, NULL, 'v', NULL, '2025-04-28 16:00:13', '2025-04-28 16:00:13'),
(1736, 56, '2025-04-29 15:40:00', NULL, 79, NULL, 'v', NULL, '2025-04-28 16:00:13', '2025-04-28 16:00:13'),
(1737, 56, '2025-04-29 16:20:00', NULL, 79, NULL, 'v', NULL, '2025-04-28 16:00:13', '2025-04-28 16:00:13'),
(1738, 56, '2025-04-29 17:00:00', NULL, 79, NULL, 'v', NULL, '2025-04-28 16:00:13', '2025-04-28 16:00:13'),
(1739, 56, '2025-05-05 07:00:00', NULL, 84, NULL, 'v', NULL, '2025-04-28 16:00:13', '2025-04-28 16:00:13'),
(1740, 56, '2025-05-05 07:40:00', NULL, 84, NULL, 'v', NULL, '2025-04-28 16:00:13', '2025-04-28 16:00:13'),
(1741, 56, '2025-05-05 08:20:00', NULL, 84, NULL, 'v', NULL, '2025-04-28 16:00:13', '2025-04-28 16:00:13'),
(1742, 56, '2025-05-05 09:00:00', NULL, 84, NULL, 'v', NULL, '2025-04-28 16:00:13', '2025-04-28 16:00:13'),
(1743, 56, '2025-05-05 09:40:00', NULL, 84, NULL, 'v', NULL, '2025-04-28 16:00:13', '2025-04-28 16:00:13'),
(1744, 56, '2025-05-05 10:20:00', NULL, 84, NULL, 'v', NULL, '2025-04-28 16:00:13', '2025-04-28 16:00:13'),
(1745, 56, '2025-05-05 11:00:00', NULL, 84, NULL, 'v', NULL, '2025-04-28 16:00:13', '2025-04-28 16:00:13'),
(1746, 56, '2025-05-05 11:40:00', NULL, 84, NULL, 'v', NULL, '2025-04-28 16:00:13', '2025-04-28 16:00:13'),
(1747, 56, '2025-05-05 12:20:00', NULL, 84, NULL, 'v', NULL, '2025-04-28 16:00:13', '2025-04-28 16:00:13'),
(1748, 56, '2025-05-05 13:00:00', NULL, 84, NULL, 'v', NULL, '2025-04-28 16:00:13', '2025-04-28 16:00:13'),
(1749, 56, '2025-05-06 13:00:00', NULL, 83, NULL, 'v', NULL, '2025-04-28 16:00:13', '2025-04-28 16:00:13'),
(1750, 56, '2025-05-06 14:00:00', NULL, 83, NULL, 'v', NULL, '2025-04-28 16:00:13', '2025-04-28 16:00:13'),
(1751, 56, '2025-05-06 15:00:00', NULL, 83, NULL, 'v', NULL, '2025-04-28 16:00:13', '2025-04-28 16:00:13'),
(1752, 56, '2025-05-06 16:00:00', NULL, 83, NULL, 'v', NULL, '2025-04-28 16:00:13', '2025-04-28 16:00:13'),
(1753, 56, '2025-05-06 17:00:00', NULL, 83, NULL, 'v', NULL, '2025-04-28 16:00:13', '2025-04-28 16:00:13'),
(1754, 56, '2025-05-12 07:00:00', NULL, 81, NULL, 'v', NULL, '2025-04-28 16:00:13', '2025-04-28 16:00:13'),
(1755, 56, '2025-05-12 09:10:00', NULL, 81, NULL, 'v', NULL, '2025-04-28 16:00:13', '2025-04-28 16:00:13'),
(1756, 56, '2025-05-12 11:20:00', NULL, 81, NULL, 'v', NULL, '2025-04-28 16:00:13', '2025-04-28 16:00:13'),
(1757, 56, '2025-05-13 07:00:00', NULL, 79, NULL, 'v', NULL, '2025-04-28 16:00:13', '2025-04-28 16:00:13'),
(1758, 56, '2025-05-13 07:40:00', NULL, 79, NULL, 'v', NULL, '2025-04-28 16:00:13', '2025-04-28 16:00:13'),
(1759, 56, '2025-05-13 08:20:00', NULL, 79, NULL, 'v', NULL, '2025-04-28 16:00:13', '2025-04-28 16:00:13'),
(1760, 56, '2025-05-13 09:00:00', NULL, 79, NULL, 'v', NULL, '2025-04-28 16:00:13', '2025-04-28 16:00:13'),
(1761, 56, '2025-05-13 09:40:00', NULL, 79, NULL, 'v', NULL, '2025-04-28 16:00:13', '2025-04-28 16:00:13'),
(1762, 56, '2025-05-13 10:20:00', NULL, 79, NULL, 'v', NULL, '2025-04-28 16:00:13', '2025-04-28 16:00:13'),
(1763, 56, '2025-05-13 11:00:00', NULL, 79, NULL, 'v', NULL, '2025-04-28 16:00:13', '2025-04-28 16:00:13'),
(1764, 56, '2025-05-13 11:40:00', NULL, 79, NULL, 'v', NULL, '2025-04-28 16:00:13', '2025-04-28 16:00:13'),
(1765, 56, '2025-05-13 12:20:00', NULL, 79, NULL, 'v', NULL, '2025-04-28 16:00:13', '2025-04-28 16:00:13'),
(1766, 56, '2025-05-13 13:00:00', NULL, 79, NULL, 'v', NULL, '2025-04-28 16:00:13', '2025-04-28 16:00:13'),
(1767, 56, '2025-05-19 13:00:00', NULL, 84, NULL, 'v', NULL, '2025-04-28 16:00:13', '2025-04-28 16:00:13'),
(1768, 56, '2025-05-19 13:40:00', NULL, 84, NULL, 'v', NULL, '2025-04-28 16:00:13', '2025-04-28 16:00:13'),
(1769, 56, '2025-05-19 14:20:00', NULL, 84, NULL, 'v', NULL, '2025-04-28 16:00:13', '2025-04-28 16:00:13'),
(1770, 56, '2025-05-19 15:00:00', NULL, 84, NULL, 'v', NULL, '2025-04-28 16:00:13', '2025-04-28 16:00:13'),
(1771, 56, '2025-05-19 15:40:00', NULL, 84, NULL, 'v', NULL, '2025-04-28 16:00:13', '2025-04-28 16:00:13'),
(1772, 56, '2025-05-19 16:20:00', NULL, 84, NULL, 'v', NULL, '2025-04-28 16:00:13', '2025-04-28 16:00:13'),
(1773, 56, '2025-05-19 17:00:00', NULL, 84, NULL, 'v', NULL, '2025-04-28 16:00:13', '2025-04-28 16:00:13'),
(1774, 56, '2025-05-20 07:00:00', NULL, 83, NULL, 'v', NULL, '2025-04-28 16:00:13', '2025-04-28 16:00:13'),
(1775, 56, '2025-05-20 08:00:00', NULL, 83, NULL, 'v', NULL, '2025-04-28 16:00:13', '2025-04-28 16:00:13'),
(1776, 56, '2025-05-20 09:00:00', NULL, 83, NULL, 'v', NULL, '2025-04-28 16:00:13', '2025-04-28 16:00:13'),
(1777, 56, '2025-05-20 10:00:00', NULL, 83, NULL, 'v', NULL, '2025-04-28 16:00:13', '2025-04-28 16:00:13'),
(1778, 56, '2025-05-20 11:00:00', NULL, 83, NULL, 'v', NULL, '2025-04-28 16:00:13', '2025-04-28 16:00:13'),
(1779, 56, '2025-05-20 12:00:00', NULL, 83, NULL, 'v', NULL, '2025-04-28 16:00:13', '2025-04-28 16:00:13'),
(1780, 56, '2025-05-20 13:00:00', NULL, 83, NULL, 'v', NULL, '2025-04-28 16:00:13', '2025-04-28 16:00:13'),
(1781, 56, '2025-05-26 07:00:00', NULL, 82, NULL, 'v', NULL, '2025-04-28 16:00:13', '2025-04-28 16:00:13'),
(1782, 56, '2025-05-26 08:40:00', NULL, 82, NULL, 'v', NULL, '2025-04-28 16:00:13', '2025-04-28 16:00:13'),
(1783, 56, '2025-05-26 10:20:00', NULL, 82, NULL, 'v', NULL, '2025-04-28 16:00:13', '2025-04-28 16:00:13'),
(1784, 56, '2025-05-26 12:00:00', NULL, 82, NULL, 'v', NULL, '2025-04-28 16:00:13', '2025-04-28 16:00:13'),
(1785, 56, '2025-05-27 13:00:00', NULL, 83, NULL, 'v', NULL, '2025-04-28 16:00:13', '2025-04-28 16:00:13'),
(1786, 56, '2025-05-27 14:00:00', NULL, 83, NULL, 'v', NULL, '2025-04-28 16:00:13', '2025-04-28 16:00:13'),
(1787, 56, '2025-05-27 15:00:00', NULL, 83, NULL, 'v', NULL, '2025-04-28 16:00:13', '2025-04-28 16:00:13'),
(1788, 56, '2025-05-27 16:00:00', NULL, 83, NULL, 'v', NULL, '2025-04-28 16:00:13', '2025-04-28 16:00:13'),
(1789, 56, '2025-05-27 17:00:00', NULL, 83, NULL, 'v', NULL, '2025-04-28 16:00:13', '2025-04-28 16:00:13'),
(1790, 56, '2025-04-27 08:44:00', 17, 80, 'A sebgyógyulás zavartalan, kontroll varratszedésre rendeltük vissza.', 'd', NULL, '2025-04-28 16:00:13', '2025-04-28 16:00:13'),
(1791, 57, '2025-04-29 07:00:00', NULL, 84, NULL, 'v', NULL, '2025-04-28 16:00:13', '2025-04-28 16:00:13'),
(1792, 57, '2025-04-29 07:40:00', NULL, 84, NULL, 'v', NULL, '2025-04-28 16:00:13', '2025-04-28 16:00:13'),
(1793, 57, '2025-04-29 08:20:00', NULL, 84, NULL, 'v', NULL, '2025-04-28 16:00:13', '2025-04-28 16:00:13'),
(1794, 57, '2025-04-29 09:00:00', NULL, 84, NULL, 'v', NULL, '2025-04-28 16:00:13', '2025-04-28 16:00:13'),
(1795, 57, '2025-04-29 09:40:00', NULL, 84, NULL, 'v', NULL, '2025-04-28 16:00:13', '2025-04-28 16:00:13'),
(1796, 57, '2025-04-29 10:20:00', NULL, 84, NULL, 'v', NULL, '2025-04-28 16:00:13', '2025-04-28 16:00:13'),
(1797, 57, '2025-04-29 11:00:00', NULL, 84, NULL, 'v', NULL, '2025-04-28 16:00:13', '2025-04-28 16:00:13'),
(1798, 57, '2025-04-29 11:40:00', NULL, 84, NULL, 'v', NULL, '2025-04-28 16:00:13', '2025-04-28 16:00:13'),
(1799, 57, '2025-04-29 12:20:00', NULL, 84, NULL, 'v', NULL, '2025-04-28 16:00:13', '2025-04-28 16:00:13'),
(1800, 57, '2025-04-29 13:00:00', NULL, 84, NULL, 'v', NULL, '2025-04-28 16:00:13', '2025-04-28 16:00:13'),
(1801, 57, '2025-04-30 07:00:00', NULL, 84, NULL, 'v', NULL, '2025-04-28 16:00:13', '2025-04-28 16:00:13'),
(1802, 57, '2025-04-30 07:40:00', NULL, 84, NULL, 'v', NULL, '2025-04-28 16:00:13', '2025-04-28 16:00:13'),
(1803, 57, '2025-04-30 08:20:00', NULL, 84, NULL, 'v', NULL, '2025-04-28 16:00:13', '2025-04-28 16:00:13'),
(1804, 57, '2025-04-30 09:00:00', NULL, 84, NULL, 'v', NULL, '2025-04-28 16:00:13', '2025-04-28 16:00:13'),
(1805, 57, '2025-04-30 09:40:00', NULL, 84, NULL, 'v', NULL, '2025-04-28 16:00:13', '2025-04-28 16:00:13'),
(1806, 57, '2025-04-30 10:20:00', NULL, 84, NULL, 'v', NULL, '2025-04-28 16:00:13', '2025-04-28 16:00:13'),
(1807, 57, '2025-04-30 11:00:00', NULL, 84, NULL, 'v', NULL, '2025-04-28 16:00:13', '2025-04-28 16:00:13'),
(1808, 57, '2025-04-30 11:40:00', NULL, 84, NULL, 'v', NULL, '2025-04-28 16:00:13', '2025-04-28 16:00:13'),
(1809, 57, '2025-04-30 12:20:00', NULL, 84, NULL, 'v', NULL, '2025-04-28 16:00:13', '2025-04-28 16:00:13'),
(1810, 57, '2025-04-30 13:00:00', NULL, 84, NULL, 'v', NULL, '2025-04-28 16:00:13', '2025-04-28 16:00:13'),
(1811, 57, '2025-05-05 13:00:00', NULL, 82, NULL, 'v', NULL, '2025-04-28 16:00:13', '2025-04-28 16:00:13'),
(1812, 57, '2025-05-05 14:40:00', NULL, 82, NULL, 'v', NULL, '2025-04-28 16:00:13', '2025-04-28 16:00:13'),
(1813, 57, '2025-05-05 16:20:00', NULL, 82, NULL, 'v', NULL, '2025-04-28 16:00:13', '2025-04-28 16:00:13'),
(1814, 57, '2025-05-06 13:00:00', NULL, 80, NULL, 'v', NULL, '2025-04-28 16:00:13', '2025-04-28 16:00:13'),
(1815, 57, '2025-05-06 13:50:00', NULL, 80, NULL, 'v', NULL, '2025-04-28 16:00:13', '2025-04-28 16:00:13'),
(1816, 57, '2025-05-06 14:40:00', NULL, 80, NULL, 'v', NULL, '2025-04-28 16:00:13', '2025-04-28 16:00:13'),
(1817, 57, '2025-05-06 15:30:00', NULL, 80, NULL, 'v', NULL, '2025-04-28 16:00:13', '2025-04-28 16:00:13'),
(1818, 57, '2025-05-06 16:20:00', NULL, 80, NULL, 'v', NULL, '2025-04-28 16:00:13', '2025-04-28 16:00:13'),
(1819, 57, '2025-05-06 17:10:00', NULL, 80, NULL, 'v', NULL, '2025-04-28 16:00:13', '2025-04-28 16:00:13'),
(1820, 57, '2025-05-12 07:00:00', NULL, 84, NULL, 'v', NULL, '2025-04-28 16:00:13', '2025-04-28 16:00:13'),
(1821, 57, '2025-05-12 07:40:00', NULL, 84, NULL, 'v', NULL, '2025-04-28 16:00:13', '2025-04-28 16:00:13'),
(1822, 57, '2025-05-12 08:20:00', NULL, 84, NULL, 'v', NULL, '2025-04-28 16:00:13', '2025-04-28 16:00:13'),
(1823, 57, '2025-05-12 09:00:00', NULL, 84, NULL, 'v', NULL, '2025-04-28 16:00:13', '2025-04-28 16:00:13'),
(1824, 57, '2025-05-12 09:40:00', NULL, 84, NULL, 'v', NULL, '2025-04-28 16:00:13', '2025-04-28 16:00:13'),
(1825, 57, '2025-05-12 10:20:00', NULL, 84, NULL, 'v', NULL, '2025-04-28 16:00:13', '2025-04-28 16:00:13'),
(1826, 57, '2025-05-12 11:00:00', NULL, 84, NULL, 'v', NULL, '2025-04-28 16:00:13', '2025-04-28 16:00:13'),
(1827, 57, '2025-05-12 11:40:00', NULL, 84, NULL, 'v', NULL, '2025-04-28 16:00:13', '2025-04-28 16:00:13'),
(1828, 57, '2025-05-12 12:20:00', NULL, 84, NULL, 'v', NULL, '2025-04-28 16:00:13', '2025-04-28 16:00:13'),
(1829, 57, '2025-05-12 13:00:00', NULL, 84, NULL, 'v', NULL, '2025-04-28 16:00:13', '2025-04-28 16:00:13'),
(1830, 57, '2025-05-13 07:00:00', NULL, 81, NULL, 'v', NULL, '2025-04-28 16:00:13', '2025-04-28 16:00:13'),
(1831, 57, '2025-05-13 09:10:00', NULL, 81, NULL, 'v', NULL, '2025-04-28 16:00:13', '2025-04-28 16:00:13'),
(1832, 57, '2025-05-13 11:20:00', NULL, 81, NULL, 'v', NULL, '2025-04-28 16:00:13', '2025-04-28 16:00:13'),
(1833, 57, '2025-05-19 07:00:00', NULL, 83, NULL, 'v', NULL, '2025-04-28 16:00:13', '2025-04-28 16:00:13'),
(1834, 57, '2025-05-19 08:00:00', NULL, 83, NULL, 'v', NULL, '2025-04-28 16:00:13', '2025-04-28 16:00:13'),
(1835, 57, '2025-05-19 09:00:00', NULL, 83, NULL, 'v', NULL, '2025-04-28 16:00:13', '2025-04-28 16:00:13'),
(1836, 57, '2025-05-19 10:00:00', NULL, 83, NULL, 'v', NULL, '2025-04-28 16:00:13', '2025-04-28 16:00:13'),
(1837, 57, '2025-05-19 11:00:00', NULL, 83, NULL, 'v', NULL, '2025-04-28 16:00:13', '2025-04-28 16:00:13'),
(1838, 57, '2025-05-19 12:00:00', NULL, 83, NULL, 'v', NULL, '2025-04-28 16:00:13', '2025-04-28 16:00:13'),
(1839, 57, '2025-05-19 13:00:00', NULL, 83, NULL, 'v', NULL, '2025-04-28 16:00:13', '2025-04-28 16:00:13'),
(1840, 57, '2025-05-20 13:00:00', NULL, 84, NULL, 'v', NULL, '2025-04-28 16:00:13', '2025-04-28 16:00:13'),
(1841, 57, '2025-05-20 13:40:00', NULL, 84, NULL, 'v', NULL, '2025-04-28 16:00:13', '2025-04-28 16:00:13'),
(1842, 57, '2025-05-20 14:20:00', NULL, 84, NULL, 'v', NULL, '2025-04-28 16:00:13', '2025-04-28 16:00:13'),
(1843, 57, '2025-05-20 15:00:00', NULL, 84, NULL, 'v', NULL, '2025-04-28 16:00:13', '2025-04-28 16:00:13'),
(1844, 57, '2025-05-20 15:40:00', NULL, 84, NULL, 'v', NULL, '2025-04-28 16:00:13', '2025-04-28 16:00:13'),
(1845, 57, '2025-05-20 16:20:00', NULL, 84, NULL, 'v', NULL, '2025-04-28 16:00:13', '2025-04-28 16:00:13'),
(1846, 57, '2025-05-20 17:00:00', NULL, 84, NULL, 'v', NULL, '2025-04-28 16:00:13', '2025-04-28 16:00:13'),
(1847, 57, '2025-05-26 07:00:00', NULL, 83, NULL, 'v', NULL, '2025-04-28 16:00:13', '2025-04-28 16:00:13'),
(1848, 57, '2025-05-26 08:00:00', NULL, 83, NULL, 'v', NULL, '2025-04-28 16:00:13', '2025-04-28 16:00:13'),
(1849, 57, '2025-05-26 09:00:00', NULL, 83, NULL, 'v', NULL, '2025-04-28 16:00:13', '2025-04-28 16:00:13'),
(1850, 57, '2025-05-26 10:00:00', NULL, 83, NULL, 'v', NULL, '2025-04-28 16:00:13', '2025-04-28 16:00:13'),
(1851, 57, '2025-05-26 11:00:00', NULL, 83, NULL, 'v', NULL, '2025-04-28 16:00:13', '2025-04-28 16:00:13'),
(1852, 57, '2025-05-26 12:00:00', NULL, 83, NULL, 'v', NULL, '2025-04-28 16:00:13', '2025-04-28 16:00:13'),
(1853, 57, '2025-05-26 13:00:00', NULL, 83, NULL, 'v', NULL, '2025-04-28 16:00:13', '2025-04-28 16:00:13'),
(1854, 57, '2025-05-27 07:00:00', NULL, 79, NULL, 'v', NULL, '2025-04-28 16:00:13', '2025-04-28 16:00:13'),
(1855, 57, '2025-05-27 07:40:00', NULL, 79, NULL, 'v', NULL, '2025-04-28 16:00:13', '2025-04-28 16:00:13'),
(1856, 57, '2025-05-27 08:20:00', NULL, 79, NULL, 'v', NULL, '2025-04-28 16:00:13', '2025-04-28 16:00:13'),
(1857, 57, '2025-05-27 09:00:00', NULL, 79, NULL, 'v', NULL, '2025-04-28 16:00:13', '2025-04-28 16:00:13'),
(1858, 57, '2025-05-27 09:40:00', NULL, 79, NULL, 'v', NULL, '2025-04-28 16:00:13', '2025-04-28 16:00:13'),
(1859, 57, '2025-05-27 10:20:00', NULL, 79, NULL, 'v', NULL, '2025-04-28 16:00:13', '2025-04-28 16:00:13'),
(1860, 57, '2025-05-27 11:00:00', NULL, 79, NULL, 'v', NULL, '2025-04-28 16:00:13', '2025-04-28 16:00:13'),
(1861, 57, '2025-05-27 11:40:00', NULL, 79, NULL, 'v', NULL, '2025-04-28 16:00:13', '2025-04-28 16:00:13'),
(1862, 57, '2025-05-27 12:20:00', NULL, 79, NULL, 'v', NULL, '2025-04-28 16:00:13', '2025-04-28 16:00:13'),
(1863, 57, '2025-05-27 13:00:00', NULL, 79, NULL, 'v', NULL, '2025-04-28 16:00:13', '2025-04-28 16:00:13'),
(1864, 57, '2025-04-26 08:32:00', 40, 81, 'A konzultáció során részletes tájékoztatást kapott a beteg a továbbiakról.', 'd', NULL, '2025-04-28 16:00:13', '2025-04-28 16:00:13'),
(1865, 60, '2025-04-28 07:00:00', NULL, 3, NULL, 'v', NULL, '2025-04-28 16:00:13', '2025-04-28 16:00:13'),
(1866, 60, '2025-04-28 07:50:00', NULL, 3, NULL, 'v', NULL, '2025-04-28 16:00:13', '2025-04-28 16:00:13'),
(1867, 60, '2025-04-28 08:40:00', NULL, 3, NULL, 'v', NULL, '2025-04-28 16:00:13', '2025-04-28 16:00:13'),
(1868, 60, '2025-04-28 09:30:00', NULL, 3, NULL, 'v', NULL, '2025-04-28 16:00:13', '2025-04-28 16:00:13'),
(1869, 60, '2025-04-28 10:20:00', NULL, 3, NULL, 'v', NULL, '2025-04-28 16:00:13', '2025-04-28 16:00:13'),
(1870, 60, '2025-04-28 11:10:00', NULL, 3, NULL, 'v', NULL, '2025-04-28 16:00:13', '2025-04-28 16:00:13'),
(1871, 60, '2025-04-28 12:00:00', NULL, 3, NULL, 'v', NULL, '2025-04-28 16:00:13', '2025-04-28 16:00:13'),
(1872, 60, '2025-04-28 12:50:00', NULL, 3, NULL, 'v', NULL, '2025-04-28 16:00:13', '2025-04-28 16:00:13'),
(1873, 60, '2025-04-29 07:00:00', NULL, 4, NULL, 'v', NULL, '2025-04-28 16:00:13', '2025-04-28 16:00:13'),
(1874, 60, '2025-04-29 07:40:00', NULL, 4, NULL, 'v', NULL, '2025-04-28 16:00:13', '2025-04-28 16:00:13'),
(1875, 60, '2025-04-29 08:20:00', NULL, 4, NULL, 'v', NULL, '2025-04-28 16:00:13', '2025-04-28 16:00:13'),
(1876, 60, '2025-04-29 09:00:00', NULL, 4, NULL, 'v', NULL, '2025-04-28 16:00:13', '2025-04-28 16:00:13');
INSERT INTO `doctor_appointments` (`id`, `doctor_id`, `start_time`, `patient_id`, `treatment_id`, `description`, `status`, `rating`, `created_at`, `updated_at`) VALUES
(1877, 60, '2025-04-29 09:40:00', NULL, 4, NULL, 'v', NULL, '2025-04-28 16:00:13', '2025-04-28 16:00:13'),
(1878, 60, '2025-04-29 10:20:00', NULL, 4, NULL, 'v', NULL, '2025-04-28 16:00:13', '2025-04-28 16:00:13'),
(1879, 60, '2025-04-29 11:00:00', NULL, 4, NULL, 'v', NULL, '2025-04-28 16:00:13', '2025-04-28 16:00:13'),
(1880, 60, '2025-04-29 11:40:00', NULL, 4, NULL, 'v', NULL, '2025-04-28 16:00:13', '2025-04-28 16:00:13'),
(1881, 60, '2025-04-29 12:20:00', NULL, 4, NULL, 'v', NULL, '2025-04-28 16:00:13', '2025-04-28 16:00:13'),
(1882, 60, '2025-04-29 13:00:00', NULL, 4, NULL, 'v', NULL, '2025-04-28 16:00:13', '2025-04-28 16:00:13'),
(1883, 60, '2025-05-07 07:00:00', NULL, 1, NULL, 'v', NULL, '2025-04-28 16:00:13', '2025-04-28 16:00:13'),
(1884, 60, '2025-05-07 07:40:00', NULL, 1, NULL, 'v', NULL, '2025-04-28 16:00:13', '2025-04-28 16:00:13'),
(1885, 60, '2025-05-07 08:20:00', NULL, 1, NULL, 'v', NULL, '2025-04-28 16:00:13', '2025-04-28 16:00:13'),
(1886, 60, '2025-05-07 09:00:00', NULL, 1, NULL, 'v', NULL, '2025-04-28 16:00:13', '2025-04-28 16:00:13'),
(1887, 60, '2025-05-07 09:40:00', NULL, 1, NULL, 'v', NULL, '2025-04-28 16:00:13', '2025-04-28 16:00:13'),
(1888, 60, '2025-05-07 10:20:00', NULL, 1, NULL, 'v', NULL, '2025-04-28 16:00:13', '2025-04-28 16:00:13'),
(1889, 60, '2025-05-07 11:00:00', NULL, 1, NULL, 'v', NULL, '2025-04-28 16:00:13', '2025-04-28 16:00:13'),
(1890, 60, '2025-05-07 11:40:00', NULL, 1, NULL, 'v', NULL, '2025-04-28 16:00:13', '2025-04-28 16:00:13'),
(1891, 60, '2025-05-07 12:20:00', NULL, 1, NULL, 'v', NULL, '2025-04-28 16:00:13', '2025-04-28 16:00:13'),
(1892, 60, '2025-05-07 13:00:00', NULL, 1, NULL, 'v', NULL, '2025-04-28 16:00:13', '2025-04-28 16:00:13'),
(1893, 60, '2025-05-08 13:00:00', NULL, 1, NULL, 'v', NULL, '2025-04-28 16:00:13', '2025-04-28 16:00:13'),
(1894, 60, '2025-05-08 13:40:00', NULL, 1, NULL, 'v', NULL, '2025-04-28 16:00:13', '2025-04-28 16:00:13'),
(1895, 60, '2025-05-08 14:20:00', NULL, 1, NULL, 'v', NULL, '2025-04-28 16:00:13', '2025-04-28 16:00:13'),
(1896, 60, '2025-05-08 15:00:00', NULL, 1, NULL, 'v', NULL, '2025-04-28 16:00:13', '2025-04-28 16:00:13'),
(1897, 60, '2025-05-08 15:40:00', NULL, 1, NULL, 'v', NULL, '2025-04-28 16:00:13', '2025-04-28 16:00:13'),
(1898, 60, '2025-05-08 16:20:00', NULL, 1, NULL, 'v', NULL, '2025-04-28 16:00:13', '2025-04-28 16:00:13'),
(1899, 60, '2025-05-08 17:00:00', NULL, 1, NULL, 'v', NULL, '2025-04-28 16:00:13', '2025-04-28 16:00:13'),
(1900, 60, '2025-05-12 07:00:00', NULL, 6, NULL, 'v', NULL, '2025-04-28 16:00:13', '2025-04-28 16:00:13'),
(1901, 60, '2025-05-12 08:00:00', NULL, 6, NULL, 'v', NULL, '2025-04-28 16:00:13', '2025-04-28 16:00:13'),
(1902, 60, '2025-05-12 09:00:00', NULL, 6, NULL, 'v', NULL, '2025-04-28 16:00:13', '2025-04-28 16:00:13'),
(1903, 60, '2025-05-12 10:00:00', NULL, 6, NULL, 'v', NULL, '2025-04-28 16:00:13', '2025-04-28 16:00:13'),
(1904, 60, '2025-05-12 11:00:00', NULL, 6, NULL, 'v', NULL, '2025-04-28 16:00:13', '2025-04-28 16:00:13'),
(1905, 60, '2025-05-12 12:00:00', NULL, 6, NULL, 'v', NULL, '2025-04-28 16:00:13', '2025-04-28 16:00:13'),
(1906, 60, '2025-05-12 13:00:00', NULL, 6, NULL, 'v', NULL, '2025-04-28 16:00:13', '2025-04-28 16:00:13'),
(1907, 60, '2025-05-13 13:00:00', NULL, 4, NULL, 'v', NULL, '2025-04-28 16:00:13', '2025-04-28 16:00:13'),
(1908, 60, '2025-05-13 13:40:00', NULL, 4, NULL, 'v', NULL, '2025-04-28 16:00:13', '2025-04-28 16:00:13'),
(1909, 60, '2025-05-13 14:20:00', NULL, 4, NULL, 'v', NULL, '2025-04-28 16:00:13', '2025-04-28 16:00:13'),
(1910, 60, '2025-05-13 15:00:00', NULL, 4, NULL, 'v', NULL, '2025-04-28 16:00:13', '2025-04-28 16:00:13'),
(1911, 60, '2025-05-13 15:40:00', NULL, 4, NULL, 'v', NULL, '2025-04-28 16:00:13', '2025-04-28 16:00:13'),
(1912, 60, '2025-05-13 16:20:00', NULL, 4, NULL, 'v', NULL, '2025-04-28 16:00:13', '2025-04-28 16:00:13'),
(1913, 60, '2025-05-13 17:00:00', NULL, 4, NULL, 'v', NULL, '2025-04-28 16:00:13', '2025-04-28 16:00:13'),
(1914, 60, '2025-05-20 07:00:00', NULL, 3, NULL, 'v', NULL, '2025-04-28 16:00:13', '2025-04-28 16:00:13'),
(1915, 60, '2025-05-20 07:50:00', NULL, 3, NULL, 'v', NULL, '2025-04-28 16:00:13', '2025-04-28 16:00:13'),
(1916, 60, '2025-05-20 08:40:00', NULL, 3, NULL, 'v', NULL, '2025-04-28 16:00:13', '2025-04-28 16:00:13'),
(1917, 60, '2025-05-20 09:30:00', NULL, 3, NULL, 'v', NULL, '2025-04-28 16:00:13', '2025-04-28 16:00:13'),
(1918, 60, '2025-05-20 10:20:00', NULL, 3, NULL, 'v', NULL, '2025-04-28 16:00:13', '2025-04-28 16:00:13'),
(1919, 60, '2025-05-20 11:10:00', NULL, 3, NULL, 'v', NULL, '2025-04-28 16:00:13', '2025-04-28 16:00:13'),
(1920, 60, '2025-05-20 12:00:00', NULL, 3, NULL, 'v', NULL, '2025-04-28 16:00:13', '2025-04-28 16:00:13'),
(1921, 60, '2025-05-20 12:50:00', NULL, 3, NULL, 'v', NULL, '2025-04-28 16:00:13', '2025-04-28 16:00:13'),
(1922, 60, '2025-05-21 07:00:00', NULL, 2, NULL, 'v', NULL, '2025-04-28 16:00:13', '2025-04-28 16:00:13'),
(1923, 60, '2025-05-21 07:55:00', NULL, 2, NULL, 'v', NULL, '2025-04-28 16:00:13', '2025-04-28 16:00:13'),
(1924, 60, '2025-05-21 08:50:00', NULL, 2, NULL, 'v', NULL, '2025-04-28 16:00:13', '2025-04-28 16:00:13'),
(1925, 60, '2025-05-21 09:45:00', NULL, 2, NULL, 'v', NULL, '2025-04-28 16:00:13', '2025-04-28 16:00:13'),
(1926, 60, '2025-05-21 10:40:00', NULL, 2, NULL, 'v', NULL, '2025-04-28 16:00:13', '2025-04-28 16:00:13'),
(1927, 60, '2025-05-21 11:35:00', NULL, 2, NULL, 'v', NULL, '2025-04-28 16:00:13', '2025-04-28 16:00:13'),
(1928, 60, '2025-05-21 12:30:00', NULL, 2, NULL, 'v', NULL, '2025-04-28 16:00:13', '2025-04-28 16:00:13'),
(1929, 60, '2025-05-26 07:00:00', NULL, 5, NULL, 'v', NULL, '2025-04-28 16:00:13', '2025-04-28 16:00:13'),
(1930, 60, '2025-05-26 07:35:00', NULL, 5, NULL, 'v', NULL, '2025-04-28 16:00:13', '2025-04-28 16:00:13'),
(1931, 60, '2025-05-26 08:10:00', NULL, 5, NULL, 'v', NULL, '2025-04-28 16:00:13', '2025-04-28 16:00:13'),
(1932, 60, '2025-05-26 08:45:00', NULL, 5, NULL, 'v', NULL, '2025-04-28 16:00:13', '2025-04-28 16:00:13'),
(1933, 60, '2025-05-26 09:20:00', NULL, 5, NULL, 'v', NULL, '2025-04-28 16:00:13', '2025-04-28 16:00:13'),
(1934, 60, '2025-05-26 09:55:00', NULL, 5, NULL, 'v', NULL, '2025-04-28 16:00:13', '2025-04-28 16:00:13'),
(1935, 60, '2025-05-26 10:30:00', NULL, 5, NULL, 'v', NULL, '2025-04-28 16:00:13', '2025-04-28 16:00:13'),
(1936, 60, '2025-05-26 11:05:00', NULL, 5, NULL, 'v', NULL, '2025-04-28 16:00:13', '2025-04-28 16:00:13'),
(1937, 60, '2025-05-26 11:40:00', NULL, 5, NULL, 'v', NULL, '2025-04-28 16:00:13', '2025-04-28 16:00:13'),
(1938, 60, '2025-05-26 12:15:00', NULL, 5, NULL, 'v', NULL, '2025-04-28 16:00:13', '2025-04-28 16:00:13'),
(1939, 60, '2025-05-26 12:50:00', NULL, 5, NULL, 'v', NULL, '2025-04-28 16:00:13', '2025-04-28 16:00:13'),
(1940, 60, '2025-05-26 13:25:00', NULL, 5, NULL, 'v', NULL, '2025-04-28 16:00:13', '2025-04-28 16:00:13'),
(1941, 60, '2025-05-27 07:00:00', NULL, 3, NULL, 'v', NULL, '2025-04-28 16:00:13', '2025-04-28 16:00:13'),
(1942, 60, '2025-05-27 07:50:00', NULL, 3, NULL, 'v', NULL, '2025-04-28 16:00:13', '2025-04-28 16:00:13'),
(1943, 60, '2025-05-27 08:40:00', NULL, 3, NULL, 'v', NULL, '2025-04-28 16:00:13', '2025-04-28 16:00:13'),
(1944, 60, '2025-05-27 09:30:00', NULL, 3, NULL, 'v', NULL, '2025-04-28 16:00:13', '2025-04-28 16:00:13'),
(1945, 60, '2025-05-27 10:20:00', NULL, 3, NULL, 'v', NULL, '2025-04-28 16:00:13', '2025-04-28 16:00:13'),
(1946, 60, '2025-05-27 11:10:00', NULL, 3, NULL, 'v', NULL, '2025-04-28 16:00:13', '2025-04-28 16:00:13'),
(1947, 60, '2025-05-27 12:00:00', NULL, 3, NULL, 'v', NULL, '2025-04-28 16:00:13', '2025-04-28 16:00:13'),
(1948, 60, '2025-05-27 12:50:00', NULL, 3, NULL, 'v', NULL, '2025-04-28 16:00:13', '2025-04-28 16:00:13'),
(1949, 60, '2025-04-24 10:36:00', 13, 6, 'A beteg állapota kielégítő, a javasolt kezeléseket megértette és elfogadta.', 'd', NULL, '2025-04-28 16:00:13', '2025-04-28 16:00:13');

--
-- Eseményindítók `doctor_appointments`
--
DELIMITER $$
CREATE TRIGGER `check_appointment_overlap` BEFORE INSERT ON `doctor_appointments` FOR EACH ROW BEGIN
                DECLARE treatment_length_minutes INT;
                DECLARE new_end_time DATETIME;

                -- A kezelés hosszának lekérése
                SELECT TIME_TO_SEC(treatment_length) / 60 
                INTO treatment_length_minutes
                FROM treatments
                WHERE treatment_id = NEW.treatment_id;

                -- Az új időpont végének kiszámítása
                SET new_end_time = DATE_ADD(NEW.start_time, INTERVAL treatment_length_minutes MINUTE);

                -- Ütközés ellenőrzése
                IF EXISTS (
                    SELECT 1 FROM doctor_appointments
                    WHERE doctor_id = NEW.doctor_id
                    AND (
                        (start_time BETWEEN NEW.start_time AND new_end_time)
                        OR
                        (DATE_ADD(start_time, INTERVAL (
                            SELECT TIME_TO_SEC(treatment_length) / 60 FROM treatments WHERE treatment_id = doctor_appointments.treatment_id
                        ) MINUTE) BETWEEN NEW.start_time AND new_end_time)
                        OR
                        (start_time < NEW.start_time AND DATE_ADD(start_time, INTERVAL (
                            SELECT TIME_TO_SEC(treatment_length) / 60 FROM treatments WHERE treatment_id = doctor_appointments.treatment_id
                        ) MINUTE) > new_end_time)
                    )
                ) THEN
                    SIGNAL SQLSTATE '45000'
                    SET MESSAGE_TEXT = 'Az orvosnak már van időpontja ebben az időszakban';
                END IF;
            END
$$
DELIMITER ;

-- --------------------------------------------------------

--
-- Tábla szerkezet ehhez a táblához `doctor_licences`
--

CREATE TABLE `doctor_licences` (
  `licence_id` bigint(20) UNSIGNED NOT NULL,
  `licence_number` int(11) NOT NULL,
  `isUsed` tinyint(1) NOT NULL,
  `created_at` timestamp NULL DEFAULT NULL,
  `updated_at` timestamp NULL DEFAULT NULL
) ENGINE=InnoDB DEFAULT CHARSET=utf8mb4 COLLATE=utf8mb4_unicode_ci;

--
-- A tábla adatainak kiíratása `doctor_licences`
--

INSERT INTO `doctor_licences` (`licence_id`, `licence_number`, `isUsed`, `created_at`, `updated_at`) VALUES
(1, 270530155, 0, '2025-04-28 16:00:13', '2025-04-28 16:00:13'),
(2, 166249396, 0, '2025-04-28 16:00:13', '2025-04-28 16:00:13'),
(3, 456758471, 0, '2025-04-28 16:00:13', '2025-04-28 16:00:13'),
(4, 517697129, 0, '2025-04-28 16:00:13', '2025-04-28 16:00:13'),
(5, 701251965, 0, '2025-04-28 16:00:13', '2025-04-28 16:00:13'),
(6, 917587604, 0, '2025-04-28 16:00:13', '2025-04-28 16:00:13'),
(7, 533644800, 0, '2025-04-28 16:00:13', '2025-04-28 16:00:13'),
(8, 862654732, 0, '2025-04-28 16:00:13', '2025-04-28 16:00:13'),
(9, 623712549, 0, '2025-04-28 16:00:13', '2025-04-28 16:00:13'),
(10, 290705423, 0, '2025-04-28 16:00:13', '2025-04-28 16:00:13');

-- --------------------------------------------------------

--
-- Tábla szerkezet ehhez a táblához `failed_jobs`
--

CREATE TABLE `failed_jobs` (
  `id` bigint(20) UNSIGNED NOT NULL,
  `uuid` varchar(255) NOT NULL,
  `connection` text NOT NULL,
  `queue` text NOT NULL,
  `payload` longtext NOT NULL,
  `exception` longtext NOT NULL,
  `failed_at` timestamp NOT NULL DEFAULT current_timestamp()
) ENGINE=InnoDB DEFAULT CHARSET=utf8mb4 COLLATE=utf8mb4_unicode_ci;

-- --------------------------------------------------------

--
-- A nézet helyettes szerkezete `get_treatment_by_specialization`
-- (Lásd alább az aktuális nézetet)
--
CREATE TABLE `get_treatment_by_specialization` (
`s_id` bigint(20) unsigned
,`s_name` varchar(255)
,`t_id` bigint(20) unsigned
,`t_name` varchar(255)
,`t_length` time
,`t_price` int(11)
,`d_id` bigint(20) unsigned
,`d_name` varchar(255)
);

-- --------------------------------------------------------

--
-- Tábla szerkezet ehhez a táblához `jobs`
--

CREATE TABLE `jobs` (
  `id` bigint(20) UNSIGNED NOT NULL,
  `queue` varchar(255) NOT NULL,
  `payload` longtext NOT NULL,
  `attempts` tinyint(3) UNSIGNED NOT NULL,
  `reserved_at` int(10) UNSIGNED DEFAULT NULL,
  `available_at` int(10) UNSIGNED NOT NULL,
  `created_at` int(10) UNSIGNED NOT NULL
) ENGINE=InnoDB DEFAULT CHARSET=utf8mb4 COLLATE=utf8mb4_unicode_ci;

-- --------------------------------------------------------

--
-- Tábla szerkezet ehhez a táblához `job_batches`
--

CREATE TABLE `job_batches` (
  `id` varchar(255) NOT NULL,
  `name` varchar(255) NOT NULL,
  `total_jobs` int(11) NOT NULL,
  `pending_jobs` int(11) NOT NULL,
  `failed_jobs` int(11) NOT NULL,
  `failed_job_ids` longtext NOT NULL,
  `options` mediumtext DEFAULT NULL,
  `cancelled_at` int(11) DEFAULT NULL,
  `created_at` int(11) NOT NULL,
  `finished_at` int(11) DEFAULT NULL
) ENGINE=InnoDB DEFAULT CHARSET=utf8mb4 COLLATE=utf8mb4_unicode_ci;

-- --------------------------------------------------------

--
-- Tábla szerkezet ehhez a táblához `migrations`
--

CREATE TABLE `migrations` (
  `id` int(10) UNSIGNED NOT NULL,
  `migration` varchar(255) NOT NULL,
  `batch` int(11) NOT NULL
) ENGINE=InnoDB DEFAULT CHARSET=utf8mb4 COLLATE=utf8mb4_unicode_ci;

--
-- A tábla adatainak kiíratása `migrations`
--

INSERT INTO `migrations` (`id`, `migration`, `batch`) VALUES
(1, '0000_02_08_090408_create_roles_table', 1),
(2, '0001_01_01_000000_create_users_table', 1),
(3, '0001_01_01_000001_create_cache_table', 1),
(4, '0001_01_01_000002_create_jobs_table', 1),
(5, '2025_02_08_090242_create_personal_access_tokens_table', 1),
(6, '2025_02_08_090657_create_navigations_table', 1),
(7, '2025_02_08_090723_create_navigation_roles_table', 1),
(8, '2025_02_08_090735_create_patients_table', 1),
(9, '2025_02_08_090759_create_specializations_table', 1),
(10, '2025_02_08_090812_create_doctors_table', 1),
(11, '2025_02_08_090822_create_treatments_table', 1),
(12, '2025_02_08_090846_create_doctor_appointments_table', 1),
(13, '2025_02_14_111542_get_treatment_by_specialization', 1),
(14, '2025_02_19_102106_doctors_ratings_view', 1),
(15, '2025_02_21_111958_add_appointment_overlap_trigger', 1),
(16, '2025_03_08_073623_create_doctor_licences_table', 1);

-- --------------------------------------------------------

--
-- Tábla szerkezet ehhez a táblához `navigations`
--

CREATE TABLE `navigations` (
  `navigation_id` bigint(20) UNSIGNED NOT NULL,
  `name` varchar(255) NOT NULL,
  `URL` varchar(255) NOT NULL,
  `component_name` varchar(255) NOT NULL,
  `parent` int(11) DEFAULT NULL,
  `created_at` timestamp NULL DEFAULT NULL,
  `updated_at` timestamp NULL DEFAULT NULL
) ENGINE=InnoDB DEFAULT CHARSET=utf8mb4 COLLATE=utf8mb4_unicode_ci;

--
-- A tábla adatainak kiíratása `navigations`
--

INSERT INTO `navigations` (`navigation_id`, `name`, `URL`, `component_name`, `parent`, `created_at`, `updated_at`) VALUES
(1, 'Bejelentkezés', '/login', 'Bejelentkezes', NULL, '2025-04-28 16:00:12', '2025-04-28 16:00:12'),
(2, 'Regisztráció', '/register', 'Regisztracio', NULL, '2025-04-28 16:00:12', '2025-04-28 16:00:12'),
(3, 'Főoldal', '/', 'Fooldal', NULL, '2025-04-28 16:00:12', '2025-04-28 16:00:12'),
(4, 'Kapcsolat', '/contact', 'Kapcsolat', NULL, '2025-04-28 16:00:12', '2025-04-28 16:00:12'),
(5, 'Doktorok', '/doctors', 'Doktorok', NULL, '2025-04-28 16:00:12', '2025-04-28 16:00:12'),
(6, 'Páciensek', '/patients', 'Paciensek', NULL, '2025-04-28 16:00:12', '2025-04-28 16:00:12'),
(7, 'Nav elemek', '/navs', 'NavElemek', NULL, '2025-04-28 16:00:12', '2025-04-28 16:00:12'),
(8, 'Felhasználók', '/users', 'Felhasznalok', NULL, '2025-04-28 16:00:12', '2025-04-28 16:00:12'),
(9, 'Kijelentkezés', '/logout', 'Kijelentkezes', NULL, '2025-04-28 16:00:12', '2025-04-28 16:00:12'),
(10, 'Időpontok', '/appointments', 'Appointments', NULL, '2025-04-28 16:00:12', '2025-04-28 16:00:12'),
(11, 'Időpontok létrehozása', '/create-appointments', 'CreateAppointmentsByDoctor', NULL, '2025-04-28 16:00:12', '2025-04-28 16:00:12'),
(12, 'Vizsgálat', '/treatment', 'Treatment', NULL, '2025-04-28 16:00:12', '2025-04-28 16:00:12'),
(13, 'Rólunk', '/rolunk', 'Rolunk', NULL, '2025-04-28 16:00:12', '2025-04-28 16:00:12');

-- --------------------------------------------------------

--
-- Tábla szerkezet ehhez a táblához `navigation_roles`
--

CREATE TABLE `navigation_roles` (
  `navigationRole_id` bigint(20) UNSIGNED NOT NULL,
  `ranking` int(11) NOT NULL,
  `role_id` bigint(20) UNSIGNED NOT NULL,
  `navigation_id` bigint(20) UNSIGNED NOT NULL,
  `created_at` timestamp NULL DEFAULT NULL,
  `updated_at` timestamp NULL DEFAULT NULL
) ENGINE=InnoDB DEFAULT CHARSET=utf8mb4 COLLATE=utf8mb4_unicode_ci;

--
-- A tábla adatainak kiíratása `navigation_roles`
--

INSERT INTO `navigation_roles` (`navigationRole_id`, `ranking`, `role_id`, `navigation_id`, `created_at`, `updated_at`) VALUES
(1, 1, 4, 3, NULL, NULL),
(2, 2, 4, 13, NULL, NULL),
(3, 3, 4, 5, NULL, NULL),
(4, 4, 4, 4, NULL, NULL),
(5, 5, 4, 1, NULL, NULL),
(6, 6, 4, 2, NULL, NULL),
(7, 1, 3, 3, NULL, NULL),
(8, 2, 3, 10, NULL, NULL),
(9, 3, 3, 13, NULL, NULL),
(10, 4, 3, 5, NULL, NULL),
(11, 5, 3, 4, NULL, NULL),
(12, 6, 3, 9, NULL, NULL),
(13, 1, 2, 3, NULL, NULL),
(14, 2, 2, 13, NULL, NULL),
(15, 3, 2, 5, NULL, NULL),
(16, 4, 2, 4, NULL, NULL),
(17, 5, 2, 6, NULL, NULL),
(18, 6, 2, 11, NULL, NULL),
(19, 7, 2, 12, NULL, NULL),
(20, 8, 2, 9, NULL, NULL),
(21, 1, 1, 3, NULL, NULL),
(22, 2, 1, 4, NULL, NULL),
(23, 3, 1, 5, NULL, NULL),
(24, 4, 1, 6, NULL, NULL),
(25, 5, 1, 7, NULL, NULL),
(26, 6, 1, 8, NULL, NULL),
(27, 7, 1, 9, NULL, NULL),
(28, 8, 1, 10, NULL, NULL),
(29, 9, 1, 11, NULL, NULL),
(30, 10, 1, 12, NULL, NULL),
(31, 11, 1, 13, NULL, NULL);

-- --------------------------------------------------------

--
-- Tábla szerkezet ehhez a táblához `password_reset_tokens`
--

CREATE TABLE `password_reset_tokens` (
  `email` varchar(255) NOT NULL,
  `token` varchar(255) NOT NULL,
  `created_at` timestamp NULL DEFAULT NULL
) ENGINE=InnoDB DEFAULT CHARSET=utf8mb4 COLLATE=utf8mb4_unicode_ci;

-- --------------------------------------------------------

--
-- Tábla szerkezet ehhez a táblához `patients`
--

CREATE TABLE `patients` (
  `user_id` bigint(20) UNSIGNED NOT NULL,
  `taj_number` int(11) NOT NULL,
  `birth_date` date NOT NULL,
  `address` varchar(255) NOT NULL,
  `created_at` timestamp NULL DEFAULT NULL,
  `updated_at` timestamp NULL DEFAULT NULL
) ENGINE=InnoDB DEFAULT CHARSET=utf8mb4 COLLATE=utf8mb4_unicode_ci;

--
-- A tábla adatainak kiíratása `patients`
--

INSERT INTO `patients` (`user_id`, `taj_number`, `birth_date`, `address`, `created_at`, `updated_at`) VALUES
(2, 57541800, '2004-05-06', '30519 Bernita Spur\nLuisahaven, OH 37416', '2025-04-28 16:00:09', '2025-04-28 16:00:09'),
(5, 70462901, '1998-11-11', '9542 O\'Keefe Locks\nBraunchester, SD 66450-5756', '2025-04-28 16:00:09', '2025-04-28 16:00:09'),
(7, 33987342, '1978-11-12', '778 Jamarcus Extensions Suite 987\nPourostown, WY 28416-1432', '2025-04-28 16:00:09', '2025-04-28 16:00:09'),
(10, 78649832, '2006-06-26', '89804 Schoen Fields Apt. 070\nEbertshire, DE 11653-9443', '2025-04-28 16:00:09', '2025-04-28 16:00:09'),
(12, 32989170, '1976-04-30', '178 Ritchie Road Apt. 944\nNew Diana, OR 06850-7300', '2025-04-28 16:00:09', '2025-04-28 16:00:09'),
(13, 30812309, '2004-08-22', '2528 Robel Stravenue\nLake Franktown, AL 57847', '2025-04-28 16:00:09', '2025-04-28 16:00:09'),
(15, 60101509, '2009-11-04', '744 Considine Light\nLake Twilachester, IN 21807', '2025-04-28 16:00:09', '2025-04-28 16:00:09'),
(16, 18857039, '1999-05-15', '24496 Hermann Ridge Apt. 886\nPort Berry, VT 46842-6624', '2025-04-28 16:00:09', '2025-04-28 16:00:09'),
(17, 61527711, '1970-04-05', '830 Adams Mountains Suite 173\nPort Vernonshire, AK 96939', '2025-04-28 16:00:09', '2025-04-28 16:00:09'),
(18, 88924914, '2015-09-14', '2104 Macejkovic Harbor Suite 698\nJeffville, SC 36658-2127', '2025-04-28 16:00:09', '2025-04-28 16:00:09'),
(21, 89028015, '1989-06-09', '120 Tevin Divide\nReichelport, OR 12962', '2025-04-28 16:00:09', '2025-04-28 16:00:09'),
(22, 82996269, '2012-05-18', '23454 Dillan Lodge\nSouth Vern, CT 87305-2472', '2025-04-28 16:00:09', '2025-04-28 16:00:09'),
(24, 77778775, '1989-07-24', '117 Karina Centers Suite 703\nWest Kaya, ME 49497-9928', '2025-04-28 16:00:09', '2025-04-28 16:00:09'),
(33, 28325912, '1988-09-05', '8394 Bahringer Circle Suite 661\nPagacmouth, TN 20273-1094', '2025-04-28 16:00:09', '2025-04-28 16:00:09'),
(35, 74771420, '1985-03-17', '292 Stehr Wells\nLake Kennediburgh, MT 27235', '2025-04-28 16:00:09', '2025-04-28 16:00:09'),
(40, 60913019, '2005-11-18', '7030 O\'Connell Terrace Suite 863\nBrigittemouth, PA 66660', '2025-04-28 16:00:09', '2025-04-28 16:00:09'),
(59, 281639028, '2017-11-20', '552 Kutch Roads\nLake Neilfurt, UT 58742-9638', '2025-04-28 16:00:12', '2025-04-28 16:00:12');

-- --------------------------------------------------------

--
-- Tábla szerkezet ehhez a táblához `personal_access_tokens`
--

CREATE TABLE `personal_access_tokens` (
  `id` bigint(20) UNSIGNED NOT NULL,
  `tokenable_type` varchar(255) NOT NULL,
  `tokenable_id` bigint(20) UNSIGNED NOT NULL,
  `name` varchar(255) NOT NULL,
  `token` varchar(64) NOT NULL,
  `abilities` text DEFAULT NULL,
  `last_used_at` timestamp NULL DEFAULT NULL,
  `expires_at` timestamp NULL DEFAULT NULL,
  `created_at` timestamp NULL DEFAULT NULL,
  `updated_at` timestamp NULL DEFAULT NULL
) ENGINE=InnoDB DEFAULT CHARSET=utf8mb4 COLLATE=utf8mb4_unicode_ci;

-- --------------------------------------------------------

--
-- Tábla szerkezet ehhez a táblához `roles`
--

CREATE TABLE `roles` (
  `role_id` bigint(20) UNSIGNED NOT NULL,
  `name` varchar(255) NOT NULL,
  `created_at` timestamp NULL DEFAULT NULL,
  `updated_at` timestamp NULL DEFAULT NULL
) ENGINE=InnoDB DEFAULT CHARSET=utf8mb4 COLLATE=utf8mb4_unicode_ci;

--
-- A tábla adatainak kiíratása `roles`
--

INSERT INTO `roles` (`role_id`, `name`, `created_at`, `updated_at`) VALUES
(1, 'admin', '2025-04-28 16:00:02', '2025-04-28 16:00:02'),
(2, 'doctor', '2025-04-28 16:00:02', '2025-04-28 16:00:02'),
(3, 'patient', '2025-04-28 16:00:02', '2025-04-28 16:00:02'),
(4, 'guest', '2025-04-28 16:00:02', '2025-04-28 16:00:02');

-- --------------------------------------------------------

--
-- Tábla szerkezet ehhez a táblához `sessions`
--

CREATE TABLE `sessions` (
  `id` varchar(255) NOT NULL,
  `user_id` bigint(20) UNSIGNED DEFAULT NULL,
  `ip_address` varchar(45) DEFAULT NULL,
  `user_agent` text DEFAULT NULL,
  `payload` longtext NOT NULL,
  `last_activity` int(11) NOT NULL
) ENGINE=InnoDB DEFAULT CHARSET=utf8mb4 COLLATE=utf8mb4_unicode_ci;

-- --------------------------------------------------------

--
-- Tábla szerkezet ehhez a táblához `specializations`
--

CREATE TABLE `specializations` (
  `specialization_id` bigint(20) UNSIGNED NOT NULL,
  `specialization_name` varchar(255) NOT NULL,
  `created_at` timestamp NULL DEFAULT NULL,
  `updated_at` timestamp NULL DEFAULT NULL
) ENGINE=InnoDB DEFAULT CHARSET=utf8mb4 COLLATE=utf8mb4_unicode_ci;

--
-- A tábla adatainak kiíratása `specializations`
--

INSERT INTO `specializations` (`specialization_id`, `specialization_name`, `created_at`, `updated_at`) VALUES
(1, 'Bőrgyógyászat', NULL, NULL),
(2, 'Orthopédia', NULL, NULL),
(3, 'Gyermekgyógyászat', NULL, NULL),
(4, 'Kardiológia', NULL, NULL),
(5, 'Pszichiátria', NULL, NULL),
(6, 'Ideggyógyászat', NULL, NULL),
(7, 'Fogászat', NULL, NULL),
(8, 'Nőgyógyászat', NULL, NULL),
(9, 'Sebészet', NULL, NULL),
(10, 'Urológia', NULL, NULL),
(11, 'Szemészet', NULL, NULL),
(12, 'Belgyógyászat', NULL, NULL),
(13, 'Pszichológia', NULL, NULL),
(14, 'Fül-orr-gégészet', NULL, NULL),
(15, 'Reumatológia', NULL, NULL);

-- --------------------------------------------------------

--
-- Tábla szerkezet ehhez a táblához `treatments`
--

CREATE TABLE `treatments` (
  `treatment_id` bigint(20) UNSIGNED NOT NULL,
  `specialization_id` bigint(20) UNSIGNED NOT NULL,
  `treatment_name` varchar(255) NOT NULL,
  `treatment_length` time NOT NULL,
  `price` int(11) NOT NULL,
  `created_at` timestamp NULL DEFAULT NULL,
  `updated_at` timestamp NULL DEFAULT NULL
) ENGINE=InnoDB DEFAULT CHARSET=utf8mb4 COLLATE=utf8mb4_unicode_ci;

--
-- A tábla adatainak kiíratása `treatments`
--

INSERT INTO `treatments` (`treatment_id`, `specialization_id`, `treatment_name`, `treatment_length`, `price`, `created_at`, `updated_at`) VALUES
(1, 1, 'Pattanás kezelés', '00:30:00', 5000, NULL, NULL),
(2, 1, 'Bőrrák szűrés', '00:45:00', 10000, NULL, NULL),
(3, 1, 'Anyajegy eltávolítás', '00:40:00', 15000, NULL, NULL),
(4, 1, 'Bőrbiopszia', '00:30:00', 12000, NULL, NULL),
(5, 1, 'Vírusos szemölcs eltávolítás', '00:25:00', 7000, NULL, NULL),
(6, 1, 'Molekuláris bőrfiatalítás', '00:50:00', 25000, NULL, NULL),
(7, 2, 'Térdműtét', '02:00:00', 25000, NULL, NULL),
(8, 2, 'Gerincszűrés', '01:00:00', 5000, NULL, NULL),
(9, 2, 'Bokaficam kezelés', '00:45:00', 8000, NULL, NULL),
(10, 2, 'Csonttörés kezelése', '02:30:00', 22000, NULL, NULL),
(11, 2, 'Rehabilitációs terápia', '01:30:00', 12000, NULL, NULL),
(12, 2, 'Izomsérülés kezelés', '01:00:00', 9000, NULL, NULL),
(13, 3, 'Vakcinálás', '00:20:00', 1500, NULL, NULL),
(14, 3, 'Általános gyermekvizsgálat', '00:40:00', 3500, NULL, NULL),
(15, 3, 'Fejlesztési elmaradás szűrése', '00:30:00', 6000, NULL, NULL),
(16, 3, 'Légúti fertőzések kezelése', '00:40:00', 5000, NULL, NULL),
(17, 3, 'Mikrobiológiai vizsgálat', '00:45:00', 7000, NULL, NULL),
(18, 3, 'Szoptatás tanácsadás', '00:30:00', 4000, NULL, NULL),
(19, 4, 'EKG', '00:30:00', 8000, NULL, NULL),
(20, 4, 'Szívműtét', '03:00:00', 60000, NULL, NULL),
(21, 4, 'Vérnyomás kezelés', '00:30:00', 3000, NULL, NULL),
(22, 4, 'Szívritmuszavar kezelése', '01:30:00', 15000, NULL, NULL),
(23, 4, 'Vérkeringés javítása', '00:45:00', 10000, NULL, NULL),
(24, 4, 'Szívultrahang', '00:45:00', 12000, NULL, NULL),
(25, 5, 'Mentális egészség felmérése', '01:00:00', 7000, NULL, NULL),
(26, 5, 'Pszichoterápia', '00:50:00', 5000, NULL, NULL),
(27, 5, 'Depresszió kezelés', '01:00:00', 8000, NULL, NULL),
(28, 5, 'Stresszkezelés', '00:40:00', 4000, NULL, NULL),
(29, 5, 'Szorongásos zavar kezelése', '01:00:00', 6000, NULL, NULL),
(30, 5, 'Panikbetegség kezelés', '00:50:00', 7500, NULL, NULL),
(31, 6, 'Neurológiai vizsgálat', '00:45:00', 10000, NULL, NULL),
(32, 6, 'Migrén kezelése', '01:00:00', 12000, NULL, NULL),
(33, 6, 'Epilepszia kezelése', '01:00:00', 11000, NULL, NULL),
(34, 6, 'Alvászavar kezelés', '00:50:00', 8000, NULL, NULL),
(35, 6, 'Gerincvelő sérülések kezelése', '02:00:00', 25000, NULL, NULL),
(36, 6, 'Parkinson-kór kezelése', '01:30:00', 15000, NULL, NULL),
(37, 7, 'Fogsor pótolás', '01:00:00', 20000, NULL, NULL),
(38, 7, 'Foghúzás', '00:40:00', 6000, NULL, NULL),
(39, 7, 'Fogkő eltávolítás', '00:30:00', 3000, NULL, NULL),
(40, 7, 'Fogfehérítés', '00:45:00', 10000, NULL, NULL),
(41, 7, 'Cápa fog kezelés', '01:00:00', 15000, NULL, NULL),
(42, 7, 'Tömés készítése', '00:30:00', 5000, NULL, NULL),
(43, 8, 'Ultrahangos vizsgálat', '00:40:00', 8000, NULL, NULL),
(44, 8, 'Méhnyak szűrés', '00:30:00', 5000, NULL, NULL),
(45, 8, 'Terhességi vizsgálat', '00:50:00', 6000, NULL, NULL),
(46, 8, 'Méhpolip eltávolítás', '01:00:00', 15000, NULL, NULL),
(47, 8, 'Fájdalomcsillapítás szülés előtt', '00:30:00', 7000, NULL, NULL),
(48, 8, 'Laparoszkópiás műtét', '02:00:00', 25000, NULL, NULL),
(49, 9, 'Appendectomia', '02:00:00', 25000, NULL, NULL),
(50, 9, 'Műtéti sebkezelés', '00:30:00', 5000, NULL, NULL),
(51, 9, 'Laparotomia', '03:00:00', 35000, NULL, NULL),
(52, 9, 'Mellműtét', '02:30:00', 40000, NULL, NULL),
(53, 9, 'Ortopédiai műtét', '02:00:00', 20000, NULL, NULL),
(54, 9, 'Tüdőműtét', '03:30:00', 45000, NULL, NULL),
(55, 10, 'Proszata vizsgálat', '00:30:00', 8000, NULL, NULL),
(56, 10, 'Húgyúti fertőzés kezelés', '00:45:00', 6000, NULL, NULL),
(57, 10, 'Vesekő eltávolítás', '02:00:00', 20000, NULL, NULL),
(58, 10, 'Cystoszkópiás vizsgálat', '01:00:00', 10000, NULL, NULL),
(59, 10, 'Férfi termékenység vizsgálat', '00:50:00', 12000, NULL, NULL),
(60, 10, 'Urológiai műtét', '02:00:00', 25000, NULL, NULL),
(61, 11, 'Szemvizsgálat', '00:30:00', 5000, NULL, NULL),
(62, 11, 'Látásjavító műtét', '01:00:00', 25000, NULL, NULL),
(63, 11, 'Szemnyomás mérés', '00:20:00', 3000, NULL, NULL),
(64, 11, 'Szürkehályog műtét', '02:00:00', 45000, NULL, NULL),
(65, 11, 'Szemüveg recept írás', '00:15:00', 2000, NULL, NULL),
(66, 11, 'Szemfájdalom kezelése', '00:30:00', 8000, NULL, NULL),
(67, 12, 'Általános vizsgálat', '00:40:00', 7000, NULL, NULL),
(68, 12, 'Vérnyomás mérés', '00:20:00', 3000, NULL, NULL),
(69, 12, 'Légzési problémák kezelése', '00:50:00', 10000, NULL, NULL),
(70, 12, 'Laborvizsgálat', '00:30:00', 5000, NULL, NULL),
(71, 12, 'Szívultrahang', '00:40:00', 15000, NULL, NULL),
(72, 12, 'Diabetes kezelés', '00:45:00', 12000, NULL, NULL),
(73, 13, 'Pszichológiai konzultáció', '00:50:00', 15000, NULL, NULL),
(74, 13, 'Stresszkezelés', '00:45:00', 12000, NULL, NULL),
(75, 13, 'Szorongás kezelés', '01:00:00', 18000, NULL, NULL),
(76, 13, 'Párkapcsolati tanácsadás', '01:00:00', 15000, NULL, NULL),
(77, 13, 'Depresszió kezelése', '01:30:00', 20000, NULL, NULL),
(78, 13, 'Alvászavar kezelés', '00:50:00', 12000, NULL, NULL),
(79, 14, 'Fülvizsgálat', '00:30:00', 5000, NULL, NULL),
(80, 14, 'Hangszál vizsgálat', '00:40:00', 7000, NULL, NULL),
(81, 14, 'Orrpolip eltávolítás', '02:00:00', 20000, NULL, NULL),
(82, 14, 'Mandulaműtét', '01:30:00', 18000, NULL, NULL),
(83, 14, 'Légúti fertőzések kezelése', '00:50:00', 12000, NULL, NULL),
(84, 14, 'Hallásvizsgálat', '00:30:00', 4000, NULL, NULL),
(85, 15, 'Ízületi fájdalmak kezelése', '01:00:00', 12000, NULL, NULL),
(86, 15, 'Mozgásszervi vizsgálat', '00:45:00', 10000, NULL, NULL),
(87, 15, 'Reumatikus megbetegedések kezelése', '01:30:00', 18000, NULL, NULL),
(88, 15, 'Gerinc problémák kezelése', '01:00:00', 14000, NULL, NULL),
(89, 15, 'Hátfájás kezelése', '00:40:00', 8000, NULL, NULL),
(90, 15, 'Nyaki fájdalom kezelése', '00:50:00', 11000, NULL, NULL);

-- --------------------------------------------------------

--
-- Tábla szerkezet ehhez a táblához `users`
--

CREATE TABLE `users` (
  `id` bigint(20) UNSIGNED NOT NULL,
  `name` varchar(255) NOT NULL,
  `phone_number` varchar(255) NOT NULL,
  `email` varchar(255) NOT NULL,
  `email_verified_at` timestamp NULL DEFAULT NULL,
  `password` varchar(255) NOT NULL,
  `role_id` bigint(20) UNSIGNED NOT NULL,
  `profile_picture` varchar(255) DEFAULT NULL,
  `remember_token` varchar(100) DEFAULT NULL,
  `created_at` timestamp NULL DEFAULT NULL,
  `updated_at` timestamp NULL DEFAULT NULL
) ENGINE=InnoDB DEFAULT CHARSET=utf8mb4 COLLATE=utf8mb4_unicode_ci;

--
-- A tábla adatainak kiíratása `users`
--

INSERT INTO `users` (`id`, `name`, `phone_number`, `email`, `email_verified_at`, `password`, `role_id`, `profile_picture`, `remember_token`, `created_at`, `updated_at`) VALUES
(1, 'Felipa Hessel', '+1-270-856-9672', 'dorothy97@example.com', '2025-04-28 16:00:02', '$2y$12$3NTqYWssvOU04XsWLdOSvOyNKkmtIklUwZj8BiJf4yFIGGn2XZd3e', 1, NULL, 'dcRB2xYuGI', '2025-04-28 16:00:08', '2025-04-28 16:00:08'),
(2, 'Mrs. Carolina Kuhlman MD', '(938) 825-9681', 'alberta.ebert@example.net', '2025-04-28 16:00:03', '$2y$12$jO8zSPydQ5n8rIV/BnfHZOjy4OIb7rV71Cgd7kjDAnARwFgUNoF9q', 3, NULL, 'rA5k58IrJz', '2025-04-28 16:00:08', '2025-04-28 16:00:08'),
(3, 'Maya Greenholt', '+1 (475) 615-6725', 'sister53@example.org', '2025-04-28 16:00:03', '$2y$12$hx6Knmx5ZJ5/9AroDb54yuQAt.qS9JVRU8.LJmyI4ahE7pB3mk51a', 2, NULL, 'MZLm7yLBSC', '2025-04-28 16:00:08', '2025-04-28 16:00:08'),
(4, 'Bart Deckow', '323-338-1005', 'krowe@example.net', '2025-04-28 16:00:03', '$2y$12$3bhB0F.P1NdbygXFvO71u.9RijWNlwN04FjywlAf29pwD0/vle8dm', 2, NULL, 'FDAVgEtxUz', '2025-04-28 16:00:08', '2025-04-28 16:00:08'),
(5, 'Dr. Bruce Strosin', '+1-702-367-6851', 'pmraz@example.org', '2025-04-28 16:00:03', '$2y$12$X0ZkgA1AcFwja8o35Q7BDuQh7JergQxNZJl./S4JBBeaCGnlow4/e', 3, NULL, 'RqiYodm4s3', '2025-04-28 16:00:08', '2025-04-28 16:00:08'),
(6, 'Dr. Maxine Heller Sr.', '706.515.9690', 'kohler.forrest@example.net', '2025-04-28 16:00:03', '$2y$12$qITmMhw6v5DnKqHCDcEyGOepmTbRmBMI/Rq7yHWuJ9mwvC8Wckfgq', 1, NULL, 'WiSEU8QyiE', '2025-04-28 16:00:08', '2025-04-28 16:00:08'),
(7, 'Charley Okuneva PhD', '(651) 281-6777', 'hill.reba@example.net', '2025-04-28 16:00:03', '$2y$12$FHfkDIzbNyHxU2BUbIKUw.BVg4553G78DHxFI7eGjOEtDXCosDZDy', 3, NULL, 'KQ7Mth74pm', '2025-04-28 16:00:08', '2025-04-28 16:00:08'),
(8, 'Laura Murazik', '534-323-3881', 'christy.mosciski@example.org', '2025-04-28 16:00:03', '$2y$12$L345Z2h49kG9xAOzscWpZOUZ3AMktb0Zjt/BBIjqyjvDCTCPizwVO', 1, NULL, '9o8nuUO5U7', '2025-04-28 16:00:08', '2025-04-28 16:00:08'),
(9, 'Jimmie Quigley', '272.849.3634', 'rose.swaniawski@example.com', '2025-04-28 16:00:04', '$2y$12$dXK1J5iGqb/hsj9FYUzykuT4z3Ia0idnfRFI89HUMtYcUnYlUL6ZK', 1, NULL, 'GPDaoa3waP', '2025-04-28 16:00:08', '2025-04-28 16:00:08'),
(10, 'Eulalia Kuhn', '585.739.9486', 'martin52@example.com', '2025-04-28 16:00:04', '$2y$12$t6qOJ8eMNeHpwxcZowFJl.0TuEf1f7hG6566hRYh2lhFx20htextu', 3, NULL, 'efydH9V0N1', '2025-04-28 16:00:08', '2025-04-28 16:00:08'),
(11, 'Dr. Fiona Braun', '+1 (215) 639-0149', 'fay.george@example.com', '2025-04-28 16:00:04', '$2y$12$4Yr8tZR1fxA2VP2BWyEZ.OP62/SUTmu9ipsYblLVKSYecj8cLjyxy', 1, NULL, 'aGXU4wtOC2', '2025-04-28 16:00:08', '2025-04-28 16:00:08'),
(12, 'Rocky Jacobson', '321.435.9267', 'elisabeth.veum@example.net', '2025-04-28 16:00:04', '$2y$12$S.Q9YtPt8JRlg1CM6e1gqO6914G25YjvmuTSBdF6YfU/aNczdxGlq', 3, NULL, '8xPzzKZ2Dw', '2025-04-28 16:00:08', '2025-04-28 16:00:08'),
(13, 'Miss Hortense Lueilwitz I', '539.680.5754', 'alfreda.collier@example.org', '2025-04-28 16:00:04', '$2y$12$m0AmP3FA3eZj.lLEe.CkYelK26l1qWxPekChfZQN6oo6G3/OR5DKu', 3, NULL, '13lSEgtzqv', '2025-04-28 16:00:08', '2025-04-28 16:00:08'),
(14, 'Alessandra Collins', '940-820-0379', 'brooklyn.shanahan@example.org', '2025-04-28 16:00:04', '$2y$12$lxJ3tYWY44JCAPWjra2adOJaK46vx2x3xizwmN9jJOvsRKRP.js7G', 2, NULL, 'ybHDll1z3o', '2025-04-28 16:00:08', '2025-04-28 16:00:08'),
(15, 'Erick Wilkinson', '+1-878-272-7545', 'okeefe.devyn@example.com', '2025-04-28 16:00:04', '$2y$12$Trt0t.C9EFWhq/JEzDeGg.F/qt7AEOWVwYLb4IOB9nLpY0.mm5kXy', 3, NULL, 'an23Qdbukn', '2025-04-28 16:00:08', '2025-04-28 16:00:08'),
(16, 'Alia Johns', '+12252677461', 'julianne.legros@example.net', '2025-04-28 16:00:05', '$2y$12$XqnTtfMXFepJy/XvKeqSG.v892nZrriCfYXBSmsEDcN4NEBal0IiK', 3, NULL, 'mn5Nrder2c', '2025-04-28 16:00:08', '2025-04-28 16:00:08'),
(17, 'Kristina Marquardt', '+1 (442) 761-9630', 'weimann.ariane@example.org', '2025-04-28 16:00:05', '$2y$12$FZenG/ga/gdTdMYJRkOB9OU2OdA4R8HTn/UyjTO6TRkVC6dVOvLY2', 3, NULL, 'yqPxkTUQ0o', '2025-04-28 16:00:08', '2025-04-28 16:00:08'),
(18, 'Adrianna Mohr', '469.216.5492', 'antone.bartoletti@example.org', '2025-04-28 16:00:05', '$2y$12$E9lM6g9EGy2konvuAUOUvuyUkD5nWH2o6hzh9oqvzlP.bncuuZpJS', 3, NULL, 'ya0GQnvMbj', '2025-04-28 16:00:08', '2025-04-28 16:00:08'),
(19, 'Davonte Daugherty', '520-521-2189', 'patience.greenfelder@example.com', '2025-04-28 16:00:05', '$2y$12$7vmAjBhvMCx6p.Y0qrBHduW.KuewHGraNnC8ijHJC1k0Eh0JeGZTu', 1, NULL, 'Kqn4CJNEjK', '2025-04-28 16:00:08', '2025-04-28 16:00:08'),
(20, 'Dorian Brakus', '+1.207.870.0881', 'aliyah30@example.com', '2025-04-28 16:00:05', '$2y$12$VPlagXeJ5alMCS6BST4Oo.GozTn5k2cqGWRExcMUlXJ5.be/klUBO', 1, NULL, 'mrvud8DpIf', '2025-04-28 16:00:08', '2025-04-28 16:00:08'),
(21, 'Missouri Kerluke', '+1-636-207-3982', 'jluettgen@example.com', '2025-04-28 16:00:05', '$2y$12$bMswwGa/SFWe14ooJJnlDe65k8FeAWTI1u0RZ/oaButRxbx2If1iu', 3, NULL, 'CZudllg4gh', '2025-04-28 16:00:08', '2025-04-28 16:00:08'),
(22, 'Dr. Jessyca Williamson', '563.889.0939', 'nmcclure@example.org', '2025-04-28 16:00:06', '$2y$12$8KKbJqfBb75DSpX7Ougfou.5cZx6zeHkqZ34I/4awYYNr9RpTL2sC', 3, NULL, 'MSggc2Djgi', '2025-04-28 16:00:08', '2025-04-28 16:00:08'),
(23, 'Bonnie Rowe', '1-740-210-5161', 'arch.keeling@example.com', '2025-04-28 16:00:06', '$2y$12$F2Fq3181XG47h7FWSMnsfOhrMCHxJ.HUR999G2ra50lbPTrGp21vW', 1, NULL, 'otDEvRmxKJ', '2025-04-28 16:00:08', '2025-04-28 16:00:08'),
(24, 'Mossie Hansen', '(516) 939-5543', 'sheridan.raynor@example.com', '2025-04-28 16:00:06', '$2y$12$zThHoKQHA6dkf3OUzDrF5uTljIQtC.S8GsTXkAVYo6uvFLIU3C.hG', 3, NULL, 'N5uAvd0dzW', '2025-04-28 16:00:08', '2025-04-28 16:00:08'),
(25, 'Monty Wyman', '1-303-258-6718', 'crona.mertie@example.net', '2025-04-28 16:00:06', '$2y$12$4o7viCdQ10bP8T6UqmcIje9pwNQBcdW7A.TsQZFidv/1YK3nU9dpC', 2, NULL, 'AA5mKTsZ7p', '2025-04-28 16:00:08', '2025-04-28 16:00:08'),
(26, 'Elva Bechtelar', '+1 (502) 240-7359', 'lynch.guiseppe@example.org', '2025-04-28 16:00:06', '$2y$12$IedxRwN1un72cYjaxCkpmu8a6GB1zISwhqw5AE5VvRLbTDk65GqrG', 2, NULL, '91jdZiorR9', '2025-04-28 16:00:08', '2025-04-28 16:00:08'),
(27, 'Trevion Haley', '1-508-716-8387', 'smith.deja@example.org', '2025-04-28 16:00:06', '$2y$12$AXFsc9dbOamq4UT5D290Q.8h9fv1R.Z4Umn6HW9AjXzbsY.EZfz.2', 1, NULL, 'sMNGf2bQ65', '2025-04-28 16:00:08', '2025-04-28 16:00:08'),
(28, 'Raphaelle Rath II', '(551) 822-2205', 'emily31@example.net', '2025-04-28 16:00:06', '$2y$12$DArqnUrhwtoWTlIRlRnC1exlZcvtKqjBWnA7aI8azvhI.durLTZh2', 2, NULL, 'K7VDOTmyXK', '2025-04-28 16:00:08', '2025-04-28 16:00:08'),
(29, 'Garnet Cassin', '1-319-988-5132', 'arenner@example.net', '2025-04-28 16:00:07', '$2y$12$llqR2vnIGBp6kpj9n3ZWduM/l2F95m5Qx1xjB.W911Y3pavb0AFu6', 2, NULL, 'OjeLMwXxBX', '2025-04-28 16:00:08', '2025-04-28 16:00:08'),
(30, 'Mr. Tristin Reinger I', '+1-385-370-1842', 'mccullough.diego@example.net', '2025-04-28 16:00:07', '$2y$12$okzbate1qad/rykIwi4sYesHBud9Yc/VRyw1hldks31rMv40hmk4W', 2, NULL, 'Nt8CrykCyr', '2025-04-28 16:00:08', '2025-04-28 16:00:08'),
(31, 'Taya Mitchell', '1-213-261-9942', 'toy.gerhard@example.net', '2025-04-28 16:00:07', '$2y$12$GY3VH5xZyvz5ABAu3NrMKuoeJm5FHbtBB1EUYKj6rloDA/Ai8pd6u', 1, NULL, 'rJIEI8SAIx', '2025-04-28 16:00:08', '2025-04-28 16:00:08'),
(32, 'Ms. Julia Koss MD', '910.826.3799', 'okon.rick@example.net', '2025-04-28 16:00:07', '$2y$12$yFBrqCAVe/5zyJlYK1aKV.VpbusAiTFcWyVoamzQT9WxFyfppnI36', 2, NULL, 'IkSXiZPBJe', '2025-04-28 16:00:08', '2025-04-28 16:00:08'),
(33, 'Jaron Buckridge', '1-872-781-4642', 'jmiller@example.com', '2025-04-28 16:00:07', '$2y$12$AzDt6NrQgPZekR5OawO1GOXKElsPbvbGvAJfv/X5nDisSdRRDvzVm', 3, NULL, 'FYOXCZopM1', '2025-04-28 16:00:08', '2025-04-28 16:00:08'),
(34, 'Virgie Champlin', '662.546.4152', 'jdavis@example.com', '2025-04-28 16:00:07', '$2y$12$6zuCTnshXyu6CMkKBJkbhOC4cIDEazHUCyQhJcmTTfLkGkh8ZnMXq', 2, NULL, 'f0X9aWIYHS', '2025-04-28 16:00:08', '2025-04-28 16:00:08'),
(35, 'Ignacio Strosin', '1-610-277-6974', 'ernser.henry@example.net', '2025-04-28 16:00:08', '$2y$12$u4lRZbut0VO/zsEKVzE2LuGyz84alv21Ua/y92pJLz.hGPnbDbVR2', 3, NULL, 'NCCSnwFs2Q', '2025-04-28 16:00:08', '2025-04-28 16:00:08'),
(36, 'Prof. Jody Emmerich DVM', '+1-248-634-2607', 'ibechtelar@example.net', '2025-04-28 16:00:08', '$2y$12$1WtuDRtI9uoOfqBkX8gbLOrJS5u5fYlxZkVr6tYPpiPgs8xE3mGcG', 2, NULL, 'IVfpDPuoQL', '2025-04-28 16:00:08', '2025-04-28 16:00:08'),
(37, 'Arjun Monahan', '838-900-5050', 'davon73@example.com', '2025-04-28 16:00:08', '$2y$12$vm2Ieipgrj6mtrk1dOC93eAkjDaubniouDN4X3hz/y5mqtMihVsUm', 2, NULL, '6T292LRtI1', '2025-04-28 16:00:08', '2025-04-28 16:00:08'),
(38, 'Salvatore Mills III', '641.697.3072', 'dswift@example.net', '2025-04-28 16:00:08', '$2y$12$L9Dndq610UHWEnU/nk5IputeOhE8MD3BY0iWd8/XZUl9aaX/lre.i', 1, NULL, 'cjr3kHxWG9', '2025-04-28 16:00:08', '2025-04-28 16:00:08'),
(39, 'Kris Champlin', '808.368.0045', 'rick.mills@example.org', '2025-04-28 16:00:08', '$2y$12$eqXhLQYzg3Sju71cV7iXEe4HA7DIKANjGS6u6IMx57bDWxe2DtPsO', 2, NULL, '2XWDHrTMe4', '2025-04-28 16:00:08', '2025-04-28 16:00:08'),
(40, 'Dr. Mercedes Goldner', '(970) 518-4919', 'rowan.denesik@example.net', '2025-04-28 16:00:08', '$2y$12$cAyGfge.Alo0AdrVEkgOt./qN1ZiuyHsiqyGeXzh7JEefou4BKvt2', 3, NULL, '2dvlXwjqIp', '2025-04-28 16:00:08', '2025-04-28 16:00:08'),
(41, 'Abdiel Mills DVM', '402.208.6535', 'ethyl02@example.org', '2025-04-28 16:00:09', '$2y$12$TNGCFLq.DpujoPoi710Che3VB/1Loh3C7EwR1aDIulb4HuvUZNUmi', 2, NULL, NULL, '2025-04-28 16:00:09', '2025-04-28 16:00:09'),
(42, 'Reece Brekke', '941.354.3535', 'bryon.rath@example.net', '2025-04-28 16:00:09', '$2y$12$RlZUUKMbdA0dgnb1YadZWuiBSU5roaDHPNq7OAZTf5ExInR4dUYY6', 2, NULL, NULL, '2025-04-28 16:00:09', '2025-04-28 16:00:09'),
(43, 'Dr. Sammie Bartell', '1-661-976-2783', 'amely28@example.org', '2025-04-28 16:00:09', '$2y$12$7FwUrc6gtf23R20BXOzGFueDcwfOtXU74EMiZL.tTbBtbxAqQ03w2', 2, NULL, NULL, '2025-04-28 16:00:09', '2025-04-28 16:00:09'),
(44, 'Sheldon Dickinson', '1-937-653-9361', 'theaney@example.net', '2025-04-28 16:00:09', '$2y$12$Betw3R5ypgZCOaRG.q02S.9vqDQPJ/sXfTDO8pupe64E9Mu6QEj5.', 2, NULL, NULL, '2025-04-28 16:00:09', '2025-04-28 16:00:09'),
(45, 'Ms. Nya Gusikowski IV', '1-225-354-4050', 'yweimann@example.com', '2025-04-28 16:00:09', '$2y$12$b37bI01n3Fzbe2LTfgbZzestoQ/QcNHWcHhhmuX7sKCeJnNcAce8y', 2, NULL, NULL, '2025-04-28 16:00:09', '2025-04-28 16:00:09'),
(46, 'Dr. Fay Prosacco', '(202) 691-5057', 'waylon.bauch@example.com', '2025-04-28 16:00:09', '$2y$12$AxJ7qe4Uc5dX.lSRbp2Vi.omA4PqB.o2cPNTfGQbbWHS2QkLf7Fb6', 2, NULL, NULL, '2025-04-28 16:00:10', '2025-04-28 16:00:10'),
(47, 'Jon Boyer', '843.522.1403', 'price.connie@example.com', '2025-04-28 16:00:10', '$2y$12$Dl6b6k0c0fzY2eDS2Ws7PO/W97oMkoK.iYGidlg2i0BEhSTtzlige', 2, NULL, NULL, '2025-04-28 16:00:10', '2025-04-28 16:00:10'),
(48, 'Prof. Carlos Mitchell', '1-706-670-4936', 'garett17@example.com', '2025-04-28 16:00:10', '$2y$12$6O3p.WYCWTZgCHm2rHRTh.La6PfINt7jNWjCZFAZxyO5ITYZ4157m', 2, NULL, NULL, '2025-04-28 16:00:10', '2025-04-28 16:00:10'),
(49, 'Caroline Jenkins', '989-214-5634', 'lessie45@example.com', '2025-04-28 16:00:10', '$2y$12$TC4NNeXBgDZMR7kKdSuoYOPkEudzONyqb6Q5mPCFvvduqB1felf4W', 2, NULL, NULL, '2025-04-28 16:00:10', '2025-04-28 16:00:10'),
(50, 'Rylee Konopelski', '323.343.3268', 'lizeth39@example.com', '2025-04-28 16:00:10', '$2y$12$pyWd5hI4OMeKz2MVHfe59.yeegRsgvKtWGr6LZZpBBz3KVAkZxrCa', 2, NULL, NULL, '2025-04-28 16:00:10', '2025-04-28 16:00:10'),
(51, 'Prof. Rowland Breitenberg IV', '(929) 258-1061', 'ellie.daugherty@example.org', '2025-04-28 16:00:10', '$2y$12$NcFGLS.yfKRsQzv3/0AqCuInmMccZ/ihn.ZMEC/JqUSMDZNxmXQYu', 2, NULL, NULL, '2025-04-28 16:00:10', '2025-04-28 16:00:10'),
(52, 'Dr. Malika Langosh III', '1-724-887-7494', 'bauch.sammie@example.org', '2025-04-28 16:00:10', '$2y$12$ZAAsSbLkZa.eioaMPUYgueOGFQduq1is5ppzHEXfBeyNqnCFSGEeK', 2, NULL, NULL, '2025-04-28 16:00:10', '2025-04-28 16:00:10'),
(53, 'Arthur Schiller IV', '(612) 389-8073', 'alverta.lesch@example.com', '2025-04-28 16:00:10', '$2y$12$dJkQQL1YFQrqT9X4FAEu4OtXzM0rB362J./iFMKrACk9b6iwn.QqK', 2, NULL, NULL, '2025-04-28 16:00:11', '2025-04-28 16:00:11'),
(54, 'Clara Homenick', '+15047159410', 'whitney76@example.com', '2025-04-28 16:00:11', '$2y$12$EkIG2xXA9CYf6e.EmFfuhOfaTtTtiQ2kPD.TRTswlg/dBxzBeofGi', 2, NULL, NULL, '2025-04-28 16:00:11', '2025-04-28 16:00:11'),
(55, 'Ms. Aditya Hill', '1-480-534-2147', 'kirlin.juana@example.org', '2025-04-28 16:00:11', '$2y$12$vTgO1.y0wW47Ta32PJEuSeHHvpkllXEAX7.2ookV.tZn9CAtP5R8.', 2, NULL, NULL, '2025-04-28 16:00:11', '2025-04-28 16:00:11'),
(56, 'Jake Champlin PhD', '302.249.0486', 'schoen.corine@example.org', '2025-04-28 16:00:11', '$2y$12$cxMY3hJ5f4FMpIG7YqvEtO3fSaQqAB4idAWJl0Dg5fnrCR1uARveS', 2, NULL, NULL, '2025-04-28 16:00:11', '2025-04-28 16:00:11'),
(57, 'Mr. Jared Mitchell Jr.', '(781) 914-3946', 'mertz.iva@example.com', '2025-04-28 16:00:11', '$2y$12$YA4paIU2ZaCvmoJuYXgPsusLiK0D2jGGtWaDjsDdRhCKYePV6crHu', 2, NULL, NULL, '2025-04-28 16:00:11', '2025-04-28 16:00:11'),
(58, 'test', '+1 (484) 722-1138', 'test@test.com', '2025-04-28 16:00:11', '$2y$12$nb8LYZBD53TXvp.TpyD8ieT9FzA0kxV6.OEcR3GIjV23dmD9WTeFO', 1, NULL, '6WHYZKE7F7', '2025-04-28 16:00:12', '2025-04-28 16:00:12'),
(59, 'patienttest', '+1.346.666.2651', 'patienttest@test.com', '2025-04-28 16:00:12', '$2y$12$.0rifYjjGOEevKqskgjXxeKMMEPfNVTXIPWUmrwsY8XRnFFR1b7fC', 3, NULL, 'PyigvTJfPG', '2025-04-28 16:00:12', '2025-04-28 16:00:12'),
(60, 'doctortest', '+1-220-891-0415', 'doctortest@test.com', '2025-04-28 16:00:12', '$2y$12$0Q1utUQcvMC8AWBrI/PBLumT.Oci9itehJ/NIQYzsre7w9kFATR4q', 2, NULL, 'wkZVn1KpDS', '2025-04-28 16:00:12', '2025-04-28 16:00:12');

-- --------------------------------------------------------

--
-- Nézet szerkezete `doctors_ratings_view`
--
DROP TABLE IF EXISTS `doctors_ratings_view`;

CREATE ALGORITHM=UNDEFINED DEFINER=`root`@`localhost` SQL SECURITY DEFINER VIEW `doctors_ratings_view`  AS SELECT `u1`.`name` AS `doctor_name`, `u2`.`name` AS `patient_name`, `t`.`treatment_name` AS `treatment_name`, `da`.`start_time` AS `start_time`, `da`.`rating` AS `rating` FROM (((((`doctor_appointments` `da` join `doctors` `d` on(`da`.`doctor_id` = `d`.`user_id`)) join `users` `u1` on(`d`.`user_id` = `u1`.`id`)) join `patients` `p` on(`da`.`patient_id` = `p`.`user_id`)) join `users` `u2` on(`p`.`user_id` = `u2`.`id`)) join `treatments` `t` on(`da`.`treatment_id` = `t`.`treatment_id`)) ;

-- --------------------------------------------------------

--
-- Nézet szerkezete `get_treatment_by_specialization`
--
DROP TABLE IF EXISTS `get_treatment_by_specialization`;

CREATE ALGORITHM=UNDEFINED DEFINER=`root`@`localhost` SQL SECURITY DEFINER VIEW `get_treatment_by_specialization`  AS   (select `s`.`specialization_id` AS `s_id`,`s`.`specialization_name` AS `s_name`,`t`.`treatment_id` AS `t_id`,`t`.`treatment_name` AS `t_name`,`t`.`treatment_length` AS `t_length`,`t`.`price` AS `t_price`,`d`.`user_id` AS `d_id`,`u`.`name` AS `d_name` from (((`treatments` `t` join `specializations` `s` on(`t`.`specialization_id` = `s`.`specialization_id`)) join `doctors` `d` on(`d`.`specialization_id` = `s`.`specialization_id`)) join `users` `u` on(`u`.`id` = `d`.`user_id`)) order by `s`.`specialization_name`,`t`.`treatment_name`)  ;

--
-- Indexek a kiírt táblákhoz
--

--
-- A tábla indexei `cache`
--
ALTER TABLE `cache`
  ADD PRIMARY KEY (`key`);

--
-- A tábla indexei `cache_locks`
--
ALTER TABLE `cache_locks`
  ADD PRIMARY KEY (`key`);

--
-- A tábla indexei `doctors`
--
ALTER TABLE `doctors`
  ADD PRIMARY KEY (`user_id`),
  ADD UNIQUE KEY `doctors_user_id_unique` (`user_id`),
  ADD KEY `doctors_specialization_id_foreign` (`specialization_id`);

--
-- A tábla indexei `doctor_appointments`
--
ALTER TABLE `doctor_appointments`
  ADD PRIMARY KEY (`id`),
  ADD KEY `doctor_appointments_doctor_id_foreign` (`doctor_id`),
  ADD KEY `doctor_appointments_patient_id_foreign` (`patient_id`),
  ADD KEY `doctor_appointments_treatment_id_foreign` (`treatment_id`);

--
-- A tábla indexei `doctor_licences`
--
ALTER TABLE `doctor_licences`
  ADD PRIMARY KEY (`licence_id`);

--
-- A tábla indexei `failed_jobs`
--
ALTER TABLE `failed_jobs`
  ADD PRIMARY KEY (`id`),
  ADD UNIQUE KEY `failed_jobs_uuid_unique` (`uuid`);

--
-- A tábla indexei `jobs`
--
ALTER TABLE `jobs`
  ADD PRIMARY KEY (`id`),
  ADD KEY `jobs_queue_index` (`queue`);

--
-- A tábla indexei `job_batches`
--
ALTER TABLE `job_batches`
  ADD PRIMARY KEY (`id`);

--
-- A tábla indexei `migrations`
--
ALTER TABLE `migrations`
  ADD PRIMARY KEY (`id`);

--
-- A tábla indexei `navigations`
--
ALTER TABLE `navigations`
  ADD PRIMARY KEY (`navigation_id`);

--
-- A tábla indexei `navigation_roles`
--
ALTER TABLE `navigation_roles`
  ADD PRIMARY KEY (`navigationRole_id`),
  ADD KEY `navigation_roles_role_id_foreign` (`role_id`),
  ADD KEY `navigation_roles_navigation_id_foreign` (`navigation_id`);

--
-- A tábla indexei `password_reset_tokens`
--
ALTER TABLE `password_reset_tokens`
  ADD PRIMARY KEY (`email`);

--
-- A tábla indexei `patients`
--
ALTER TABLE `patients`
  ADD PRIMARY KEY (`user_id`),
  ADD UNIQUE KEY `patients_user_id_unique` (`user_id`),
  ADD UNIQUE KEY `patients_taj_number_unique` (`taj_number`);

--
-- A tábla indexei `personal_access_tokens`
--
ALTER TABLE `personal_access_tokens`
  ADD PRIMARY KEY (`id`),
  ADD UNIQUE KEY `personal_access_tokens_token_unique` (`token`),
  ADD KEY `personal_access_tokens_tokenable_type_tokenable_id_index` (`tokenable_type`,`tokenable_id`);

--
-- A tábla indexei `roles`
--
ALTER TABLE `roles`
  ADD PRIMARY KEY (`role_id`),
  ADD UNIQUE KEY `roles_name_unique` (`name`);

--
-- A tábla indexei `sessions`
--
ALTER TABLE `sessions`
  ADD PRIMARY KEY (`id`),
  ADD KEY `sessions_user_id_index` (`user_id`),
  ADD KEY `sessions_last_activity_index` (`last_activity`);

--
-- A tábla indexei `specializations`
--
ALTER TABLE `specializations`
  ADD PRIMARY KEY (`specialization_id`);

--
-- A tábla indexei `treatments`
--
ALTER TABLE `treatments`
  ADD PRIMARY KEY (`treatment_id`),
  ADD KEY `treatments_specialization_id_foreign` (`specialization_id`);

--
-- A tábla indexei `users`
--
ALTER TABLE `users`
  ADD PRIMARY KEY (`id`),
  ADD UNIQUE KEY `users_phone_number_unique` (`phone_number`),
  ADD UNIQUE KEY `users_email_unique` (`email`),
  ADD KEY `users_role_id_foreign` (`role_id`);

--
-- A kiírt táblák AUTO_INCREMENT értéke
--

--
-- AUTO_INCREMENT a táblához `doctor_appointments`
--
ALTER TABLE `doctor_appointments`
  MODIFY `id` bigint(20) UNSIGNED NOT NULL AUTO_INCREMENT, AUTO_INCREMENT=1950;

--
-- AUTO_INCREMENT a táblához `doctor_licences`
--
ALTER TABLE `doctor_licences`
  MODIFY `licence_id` bigint(20) UNSIGNED NOT NULL AUTO_INCREMENT, AUTO_INCREMENT=11;

--
-- AUTO_INCREMENT a táblához `failed_jobs`
--
ALTER TABLE `failed_jobs`
  MODIFY `id` bigint(20) UNSIGNED NOT NULL AUTO_INCREMENT;

--
-- AUTO_INCREMENT a táblához `jobs`
--
ALTER TABLE `jobs`
  MODIFY `id` bigint(20) UNSIGNED NOT NULL AUTO_INCREMENT;

--
-- AUTO_INCREMENT a táblához `migrations`
--
ALTER TABLE `migrations`
  MODIFY `id` int(10) UNSIGNED NOT NULL AUTO_INCREMENT, AUTO_INCREMENT=17;

--
-- AUTO_INCREMENT a táblához `navigations`
--
ALTER TABLE `navigations`
  MODIFY `navigation_id` bigint(20) UNSIGNED NOT NULL AUTO_INCREMENT, AUTO_INCREMENT=14;

--
-- AUTO_INCREMENT a táblához `navigation_roles`
--
ALTER TABLE `navigation_roles`
  MODIFY `navigationRole_id` bigint(20) UNSIGNED NOT NULL AUTO_INCREMENT, AUTO_INCREMENT=32;

--
-- AUTO_INCREMENT a táblához `personal_access_tokens`
--
ALTER TABLE `personal_access_tokens`
  MODIFY `id` bigint(20) UNSIGNED NOT NULL AUTO_INCREMENT;

--
-- AUTO_INCREMENT a táblához `roles`
--
ALTER TABLE `roles`
  MODIFY `role_id` bigint(20) UNSIGNED NOT NULL AUTO_INCREMENT, AUTO_INCREMENT=5;

--
-- AUTO_INCREMENT a táblához `specializations`
--
ALTER TABLE `specializations`
  MODIFY `specialization_id` bigint(20) UNSIGNED NOT NULL AUTO_INCREMENT, AUTO_INCREMENT=16;

--
-- AUTO_INCREMENT a táblához `treatments`
--
ALTER TABLE `treatments`
  MODIFY `treatment_id` bigint(20) UNSIGNED NOT NULL AUTO_INCREMENT, AUTO_INCREMENT=91;

--
-- AUTO_INCREMENT a táblához `users`
--
ALTER TABLE `users`
  MODIFY `id` bigint(20) UNSIGNED NOT NULL AUTO_INCREMENT, AUTO_INCREMENT=61;

--
-- Megkötések a kiírt táblákhoz
--

--
-- Megkötések a táblához `doctors`
--
ALTER TABLE `doctors`
  ADD CONSTRAINT `doctors_specialization_id_foreign` FOREIGN KEY (`specialization_id`) REFERENCES `specializations` (`specialization_id`),
  ADD CONSTRAINT `doctors_user_id_foreign` FOREIGN KEY (`user_id`) REFERENCES `users` (`id`) ON DELETE CASCADE;

--
-- Megkötések a táblához `doctor_appointments`
--
ALTER TABLE `doctor_appointments`
  ADD CONSTRAINT `doctor_appointments_doctor_id_foreign` FOREIGN KEY (`doctor_id`) REFERENCES `doctors` (`user_id`),
  ADD CONSTRAINT `doctor_appointments_patient_id_foreign` FOREIGN KEY (`patient_id`) REFERENCES `patients` (`user_id`),
  ADD CONSTRAINT `doctor_appointments_treatment_id_foreign` FOREIGN KEY (`treatment_id`) REFERENCES `treatments` (`treatment_id`);

--
-- Megkötések a táblához `navigation_roles`
--
ALTER TABLE `navigation_roles`
  ADD CONSTRAINT `navigation_roles_navigation_id_foreign` FOREIGN KEY (`navigation_id`) REFERENCES `navigations` (`navigation_id`),
  ADD CONSTRAINT `navigation_roles_role_id_foreign` FOREIGN KEY (`role_id`) REFERENCES `roles` (`role_id`);

--
-- Megkötések a táblához `patients`
--
ALTER TABLE `patients`
  ADD CONSTRAINT `patients_user_id_foreign` FOREIGN KEY (`user_id`) REFERENCES `users` (`id`) ON DELETE CASCADE;

--
-- Megkötések a táblához `treatments`
--
ALTER TABLE `treatments`
  ADD CONSTRAINT `treatments_specialization_id_foreign` FOREIGN KEY (`specialization_id`) REFERENCES `specializations` (`specialization_id`);

--
-- Megkötések a táblához `users`
--
ALTER TABLE `users`
  ADD CONSTRAINT `users_role_id_foreign` FOREIGN KEY (`role_id`) REFERENCES `roles` (`role_id`);
COMMIT;

/*!40101 SET CHARACTER_SET_CLIENT=@OLD_CHARACTER_SET_CLIENT */;
/*!40101 SET CHARACTER_SET_RESULTS=@OLD_CHARACTER_SET_RESULTS */;
/*!40101 SET COLLATION_CONNECTION=@OLD_COLLATION_CONNECTION */;
